country,1960,1961,1962,1963,1964,1965,1966,1967,1968,1969,1970,1971,1972,1973,1974,1975,1976,1977,1978,1979,1980,1981,1982,1983,1984,1985,1986,1987,1988,1989,1990,1991,1992,1993,1994,1995,1996,1997,1998,1999,2000,2001,2002,2003,2004,2005,2006,2007,2008,2009,2010,2011,2012,2013,2014,2015,2016,2017,2018,2019
Aruba,,,,,,,,,,,,,,,,,,,,,,,,,,,982M,1.14B,1.35B,1.52B,1.58B,1.7B,1.8B,1.93B,2.09B,2.15B,2.17B,2.32B,2.37B,2.4B,2.58B,2.51B,2.42B,2.47B,2.67B,2.7B,2.73B,2.78B,2.77B,2.48B,2.39B,2.47B,2.44B,2.54B,2.55B,2.69B,2.75B,2.81B,,
Afghanistan,,,,,,,,,,,,,,,,,,,,,,,,,,,,,,,,,,,,,,,,,,,7.47B,8.12B,8.24B,9.16B,9.66B,11B,11.4B,13.9B,15.9B,15.9B,18B,19B,19.5B,19.8B,20.2B,20.7B,21.1B,21.7B
Angola,,,,,,,,,,,,,,,,,,,,,26.5B,25.4B,25.4B,26.4B,28B,29B,29.8B,31B,32.9B,33B,31.8B,32.1B,30.3B,23B,23.3B,26.8B,30.4B,32.7B,34.2B,34.9B,36B,37.5B,42.6B,43.9B,48.7B,56B,62.5B,71.3B,79.2B,79.9B,83.8B,86.7B,94.1B,98.8B,104B,105B,102B,102B,99.6B,98.8B
Albania,,,,,,,,,,,,,,,,,,,,,5.32B,5.63B,5.8B,5.86B,5.79B,5.89B,6.22B,6.17B,6.08B,6.68B,6.04B,4.35B,4.04B,4.42B,4.79B,5.43B,5.92B,5.28B,5.74B,6.48B,6.93B,7.51B,7.85B,8.28B,8.74B,9.22B,9.77B,10.4B,11.1B,11.5B,11.9B,12.2B,12.4B,12.5B,12.8B,13B,13.5B,14B,14.5B,14.9B
Andorra,,,,,,,,,,,1.01B,1.06B,1.15B,1.23B,1.3B,1.31B,1.35B,1.39B,1.41B,1.41B,1.45B,1.44B,1.46B,1.49B,1.51B,1.55B,1.6B,1.69B,1.77B,1.86B,1.93B,1.98B,2B,1.98B,2.02B,2.08B,2.18B,2.37B,2.45B,2.55B,2.64B,2.85B,2.98B,3.24B,3.51B,3.7B,3.88B,3.94B,3.72B,3.52B,3.45B,3.45B,3.28B,3.16B,3.24B,3.29B,3.41B,3.42B,3.48B,3.54B
United Arab Emirates,,,,,,,,,,,,,,,,56.8B,66.2B,80.4B,79.1B,95.7B,119B,124B,116B,110B,115B,111B,94B,97.2B,94.6B,106B,126B,127B,131B,133B,142B,151B,160B,173B,174B,179B,198B,201B,206B,224B,245B,257B,283B,292B,301B,285B,290B,310B,324B,340B,355B,373B,384B,393B,398B,405B
Argentina,116B,122B,121B,114B,126B,139B,138B,143B,150B,164B,169B,179B,182B,187B,197B,197B,193B,206B,197B,217B,221B,209B,208B,217B,220B,209B,221B,227B,225B,209B,204B,222B,240B,260B,275B,267B,282B,305B,316B,306B,303B,290B,258B,281B,306B,334B,360B,393B,409B,385B,424B,449B,444B,455B,444B,456B,446B,458B,447B,437B
Armenia,,,,,,,,,,,,,,,,,,,,,,,,,,,,,,,6.35B,5.61B,3.26B,2.98B,3.14B,3.35B,3.55B,3.67B,3.94B,4.07B,4.31B,4.72B,5.34B,6.09B,6.73B,7.67B,8.68B,9.87B,10.5B,9.06B,9.26B,9.7B,10.4B,10.7B,11.1B,11.5B,11.5B,12.4B,13B,14B
American Samoa,,,,,,,,,,,,,,,,,,,,,,,,,,,,,,,,,,,,,,,,,,,623M,628M,632M,629M,603M,615M,599M,573M,576M,578M,552M,537M,542M,550M,535M,503M,514M,
Antigua and Barbuda,,,,,,,,,,,,,,,,,,323M,337M,364M,394M,409M,409M,431M,475M,511M,570M,607M,639M,673M,693M,708M,716M,754M,804M,769M,820M,865M,906M,939M,1B,953M,962M,1.02B,1.08B,1.15B,1.29B,1.41B,1.41B,1.24B,1.15B,1.13B,1.16B,1.16B,1.2B,1.25B,1.32B,1.36B,1.46B,1.53B
Australia,199B,204B,207B,220B,235B,249B,255B,271B,285B,305B,327B,340B,353B,362B,377B,382B,392B,406B,410B,426B,439B,454B,469B,459B,480B,505B,525B,539B,570B,592B,613B,610B,613B,638B,663B,688B,715B,744B,778B,817B,849B,866B,900B,927B,965B,996B,1.02TR,1.06TR,1.1TR,1.12TR,1.15TR,1.17TR,1.22TR,1.25TR,1.28TR,1.31TR,1.35TR,1.38TR,1.42TR,1.45TR
Austria,91.8B,96.9B,99.5B,104B,110B,114B,120B,124B,129B,137B,146B,154B,163B,171B,178B,177B,185B,195B,194B,205B,208B,208B,212B,219B,219B,224B,229B,232B,240B,249B,260B,269B,275B,276B,283B,290B,297B,303B,314B,326B,336B,341B,346B,350B,359B,367B,380B,394B,400B,385B,392B,403B,406B,406B,409B,413B,422B,432B,443B,450B
Azerbaijan,,,,,,,,,,,,,,,,,,,,,,,,,,,,,,,22.7B,22.5B,17.4B,13.4B,10.8B,9.49B,9.61B,10.2B,11.2B,12B,13.4B,14.7B,16.1B,17.7B,19.3B,24.7B,33.3B,41.7B,46.2B,50.5B,52.9B,52.1B,53.2B,56.3B,57.9B,58.5B,56.7B,56.8B,57.7B,58.9B
Burundi,597M,515M,562M,585M,622M,646M,676M,770M,767M,756M,917M,942M,882M,943M,936M,943M,1.02B,1.13B,1.12B,1.14B,1.15B,1.29B,1.28B,1.33B,1.33B,1.49B,1.53B,1.62B,1.7B,1.72B,1.78B,1.87B,1.89B,1.77B,1.71B,1.57B,1.45B,1.42B,1.49B,1.47B,1.46B,1.49B,1.56B,1.54B,1.61B,1.63B,1.72B,1.78B,1.86B,1.93B,2.03B,2.11B,2.21B,2.32B,2.42B,2.32B,2.31B,2.32B,2.36B,2.4B
Belgium,119B,125B,132B,137B,147B,152B,157B,163B,170B,181B,191B,199B,209B,223B,233B,228B,241B,243B,250B,256B,267B,266B,268B,269B,275B,280B,285B,291B,305B,316B,326B,332B,337B,333B,344B,352B,357B,371B,378B,391B,406B,410B,417B,422B,437B,447B,458B,475B,477B,468B,481B,489B,493B,495B,503B,513B,521B,531B,538B,546B
Benin,1.73B,1.79B,1.72B,1.81B,1.93B,2.03B,2.1B,2.12B,2.2B,2.27B,2.32B,2.28B,2.43B,2.52B,2.6B,2.47B,2.5B,2.62B,2.65B,2.83B,3.02B,3.32B,3.39B,3.25B,3.5B,3.77B,3.85B,3.79B,3.92B,3.81B,4.15B,4.33B,4.45B,4.71B,4.81B,5.1B,5.32B,5.62B,5.85B,6.16B,6.52B,6.87B,7.19B,7.44B,7.76B,7.9B,8.21B,8.7B,9.13B,9.34B,9.54B,9.82B,10.3B,11B,11.7B,11.9B,12.3B,13B,13.9B,14.9B
Burkina Faso,1.3B,1.35B,1.43B,1.41B,1.45B,1.5B,1.51B,1.64B,1.69B,1.73B,1.73B,1.75B,1.79B,1.8B,1.95B,2.01B,2.18B,2.19B,2.29B,2.38B,2.39B,2.5B,2.73B,2.74B,2.7B,2.92B,3.16B,3.15B,3.33B,3.4B,3.38B,3.69B,3.7B,3.83B,3.88B,4.1B,4.55B,4.84B,5.19B,5.58B,5.68B,6.06B,6.32B,6.81B,7.12B,7.74B,8.22B,8.56B,9.05B,9.32B,10.1B,10.8B,11.5B,12.1B,12.7B,13.2B,13.9B,14.8B,15.8B,16.7B
Bangladesh,17.9B,18.9B,20B,19.9B,22.1B,22.4B,23B,22.6B,24.7B,25B,26.4B,25B,21.5B,22.2B,24.3B,23.3B,24.6B,25.3B,27.1B,28.4B,28.6B,30.7B,31.4B,32.6B,34.1B,35.3B,36.7B,38.1B,39.1B,40.2B,42.4B,43.9B,46.3B,48.5B,50.4B,52.9B,55.3B,57.8B,60.8B,63.6B,67B,70.4B,73.1B,76.6B,80.6B,85.9B,91.6B,98.1B,104B,109B,115B,123B,131B,139B,147B,157B,168B,180B,194B,210B
Bulgaria,,,,,,,,,,,,,,,,,,,,,32.4B,33.9B,34.7B,35.9B,37.1B,38.1B,39.7B,42.2B,46.8B,45.2B,41.1B,37.6B,34.9B,34.4B,35B,36B,37.9B,32.5B,33.9B,31.1B,32.6B,33.8B,35.8B,37.7B,40.1B,42.9B,45.9B,48.9B,51.9B,50.1B,50.4B,51.5B,51.7B,51.9B,52.9B,55B,57.1B,59.1B,60.9B,63B
Bahrain,,,,,,,,,,,,,,,,,,,,,7.62B,7.22B,6.67B,7.1B,7.45B,7.1B,7.18B,7.93B,8.49B,8.52B,8.89B,9.89B,10.6B,11.9B,11.9B,12.4B,12.9B,13.3B,13.9B,14.5B,15.3B,15.6B,16.2B,17.2B,18.4B,19.6B,20.9B,22.6B,24B,24.6B,25.7B,26.2B,27.2B,28.7B,29.9B,30.8B,31.8B,33.1B,33.7B,34.3B
Bahamas,1.94B,2.15B,2.37B,2.62B,2.9B,3.2B,3.49B,3.83B,4.15B,4.52B,4.27B,4.34B,4.19B,4.5B,3.75B,3.19B,3.36B,3.67B,4.19B,5.28B,5.62B,5.1B,5.45B,5.64B,6.44B,6.75B,6.87B,7.08B,7.24B,7.73B,7.61B,7.29B,7.01B,7.03B,7.25B,7.57B,7.89B,8.05B,8.43B,9.03B,9.41B,9.66B,9.92B,9.79B,9.88B,10.2B,10.5B,10.6B,10.4B,9.94B,10.1B,10.2B,10.5B,10.2B,10.2B,10.3B,10.3B,10.4B,10.5B,10.7B
Bosnia and Herzegovina,,,,,,,,,,,,,,,,,,,,,,,,,,,,,,,,,,,2.76B,3.34B,6.3B,8.47B,9.79B,10.7B,11.3B,11.8B,12.4B,12.9B,13.7B,14.9B,15.7B,16.7B,17.6B,17B,17.2B,17.3B,17.2B,17.6B,17.8B,18.4B,18.9B,19.3B,20.1B,20.6B
Belarus,,,,,,,,,,,,,,,,,,,,,,,,,,,,,,,31.6B,31.2B,28.2B,26.1B,23B,20.6B,21.2B,23.6B,25.6B,26.5B,28B,29.4B,30.8B,33B,36.8B,40.2B,44.3B,48.1B,53B,53.1B,57.2B,60.3B,61.3B,61.9B,63B,60.6B,59.1B,60.6B,62.5B,63.2B
Belize,99.4M,104M,109M,115M,120M,126M,132M,139M,149M,157M,164M,171M,188M,198M,225M,233M,233M,248M,268M,288M,327M,331M,330M,323M,330M,333M,348M,386M,423M,478M,533M,594M,666M,708M,709M,713M,724M,749M,777M,845M,956M,1B,1.05B,1.15B,1.2B,1.22B,1.28B,1.29B,1.33B,1.34B,1.38B,1.4B,1.44B,1.46B,1.51B,1.55B,1.55B,1.58B,1.62B,1.62B
Bermuda,1.24B,1.29B,1.35B,1.37B,1.52B,1.59B,1.82B,2.06B,2.1B,2.18B,2.31B,2.39B,2.44B,2.47B,2.49B,2.59B,2.82B,2.99B,3.03B,3.09B,3.34B,3.42B,3.24B,3.3B,3.32B,3.25B,3.47B,3.6B,3.75B,3.76B,3.76B,3.63B,3.63B,3.74B,3.76B,3.92B,4.03B,4.21B,4.38B,4.52B,4.95B,5.3B,5.22B,5.4B,5.53B,5.62B,5.93B,6.1B,6.19B,5.87B,5.74B,5.55B,5.28B,5.15B,,,,,,
Bolivia,3.68B,3.75B,3.96B,4.23B,4.4B,4.62B,4.95B,5.26B,5.71B,5.96B,6.28B,6.59B,7.12B,7.53B,7.75B,8.31B,8.7B,9.13B,9.32B,9.33B,9.2B,9.23B,8.86B,8.51B,8.49B,8.35B,8.13B,8.33B,8.57B,8.9B,9.31B,9.8B,9.96B,10.4B,10.9B,11.4B,11.9B,12.5B,13.1B,13.2B,13.5B,13.7B,14B,14.4B,15B,15.7B,16.4B,17.2B,18.3B,18.9B,19.6B,20.7B,21.7B,23.2B,24.5B,25.7B,26.8B,27.9B,29.1B,29.7B
Brazil,247B,272B,286B,289B,299B,308B,321B,336B,375B,411B,447B,498B,558B,636B,694B,730B,801B,838B,865B,924B,1.01TR,963B,969B,936B,985B,1.06TR,1.15TR,1.19TR,1.19TR,1.23TR,1.19TR,1.21TR,1.2TR,1.26TR,1.33TR,1.38TR,1.41TR,1.46TR,1.47TR,1.47TR,1.54TR,1.56TR,1.61TR,1.63TR,1.72TR,1.77TR,1.85TR,1.96TR,2.06TR,2.05TR,2.21TR,2.3TR,2.34TR,2.41TR,2.42TR,2.34TR,2.26TR,2.29TR,2.32TR,2.35TR
Barbados,,,,,,,,,,,,,,,2.73B,2.68B,2.8B,2.9B,3.04B,3.28B,3.42B,3.36B,3.19B,3.21B,3.32B,3.36B,3.53B,3.62B,3.75B,3.88B,3.76B,3.61B,3.4B,3.43B,3.5B,3.57B,3.71B,3.89B,4.03B,4.05B,4.23B,4.13B,4.16B,4.25B,4.31B,4.48B,4.75B,4.85B,4.88B,4.64B,4.53B,4.5B,4.48B,4.42B,4.41B,4.52B,4.63B,4.65B,4.63B,4.62B
Brunei,,,,,,,,,,,,,,,7.08B,7.1B,8.53B,9.46B,10.1B,12.4B,11.5B,9.24B,9.6B,9.65B,9.71B,9.56B,9.3B,9.49B,9.59B,9.49B,9.59B,9.9B,10.4B,10.4B,10.7B,11.2B,11.5B,11.4B,11.3B,11.6B,12B,12.3B,12.8B,13.1B,13.2B,13.3B,13.8B,13.9B,13.6B,13.4B,13.7B,14.2B,14.4B,14B,13.7B,13.6B,13.3B,13.5B,13.5B,14B
Bhutan,,,,,,,,,,,,,,,,,,,,,159M,181M,187M,208M,217M,227M,253M,326M,342M,367M,407M,406M,424M,433M,454M,486M,514M,541M,573M,619M,662M,717M,796M,858M,910M,976M,1.04B,1.24B,1.3B,1.38B,1.55B,1.67B,1.76B,1.79B,1.9B,2.02B,2.19B,2.29B,2.36B,
Botswana,205M,218M,233M,246M,263M,278M,296M,314M,347M,399M,468M,588M,743M,902M,981M,1.06B,1.18B,1.32B,1.51B,1.69B,1.89B,2.07B,2.32B,2.62B,2.85B,3.05B,3.3B,3.69B,4.41B,4.98B,5.32B,5.72B,5.88B,5.99B,6.21B,6.65B,7.04B,7.62B,7.66B,8.4B,8.56B,8.58B,9.11B,9.53B,9.79B,10.2B,11.1B,12B,12.8B,11.8B,12.8B,13.6B,14.2B,15.8B,16.4B,16.1B,16.8B,17.3B,18.1B,18.6B
Central African Republic,901M,945M,910M,904M,922M,931M,937M,981M,995M,1.07B,1.09B,1.1B,1.1B,1.12B,1.19B,1.2B,1.26B,1.31B,1.33B,1.3B,1.24B,1.22B,1.31B,1.21B,1.32B,1.37B,1.42B,1.35B,1.37B,1.4B,1.37B,1.36B,1.28B,1.28B,1.34B,1.44B,1.38B,1.46B,1.52B,1.58B,1.54B,1.61B,1.67B,1.58B,1.67B,1.69B,1.77B,1.85B,1.89B,2.05B,2.14B,2.23B,2.35B,1.49B,1.49B,1.56B,1.63B,1.71B,1.77B,1.82B
Canada,,,,,,,,,,,487B,506B,534B,571B,590B,598B,633B,655B,679B,705B,720B,745B,721B,740B,783B,821B,838B,872B,911B,932B,933B,914B,922B,947B,989B,1.02TR,1.03TR,1.08TR,1.11TR,1.15TR,1.21TR,1.22TR,1.27TR,1.31TR,1.37TR,1.43TR,1.49TR,1.6TR,1.61TR,1.57TR,1.61TR,1.66TR,1.69TR,1.73TR,1.78TR,1.79TR,1.81TR,1.87TR,1.91TR,1.94TR
Switzerland,,,,,,,,,,,306B,319B,329B,339B,344B,319B,315B,322B,324B,332B,347B,352B,348B,350B,361B,374B,381B,387B,399B,417B,432B,428B,428B,427B,433B,435B,437B,448B,461B,469B,487B,494B,494B,495B,508B,524B,545B,567B,580B,567B,584B,594B,600B,611B,626B,634B,645B,657B,675B,681B
Chile,29.4B,30.9B,32.2B,34B,34.9B,35.2B,39.2B,40.6B,42.1B,43.7B,44.5B,48.7B,48.2B,45.8B,46.9B,40.8B,42.4B,46.8B,50.4B,54.7B,59.1B,62.9B,56B,53.2B,55.4B,57.6B,60.7B,64.6B,69.3B,76.2B,78.8B,84.9B,94.4B,101B,106B,115B,123B,132B,138B,137B,145B,149B,154B,160B,172B,182B,193B,203B,210B,206B,219B,232B,244B,254B,259B,265B,269B,272B,283B,286B
China,128B,93.1B,87.9B,97B,115B,134B,148B,140B,134B,157B,187B,200B,208B,224B,229B,249B,245B,264B,294B,316B,341B,358B,390B,433B,498B,565B,615B,687B,765B,797B,828B,905B,1.03TR,1.18TR,1.33TR,1.48TR,1.62TR,1.77TR,1.91TR,2.06TR,2.23TR,2.42TR,2.64TR,2.9TR,3.2TR,3.56TR,4.02TR,4.59TR,5.03TR,5.5TR,6.09TR,6.67TR,7.19TR,7.75TR,8.33TR,8.91TR,9.52TR,10.2TR,10.9TR,11.5TR
Cote d'Ivoire,4.29B,4.72B,4.78B,5.47B,6.43B,6.23B,6.96B,7.28B,8.19B,8.97B,9.9B,10.8B,11.3B,12B,12.5B,13.5B,15.3B,16.4B,18.2B,18.6B,16.6B,17.1B,17.2B,16.5B,16.1B,16.8B,17.3B,17.3B,17.5B,18B,17.8B,17.8B,17.7B,17.7B,17.9B,19.1B,20.6B,21.4B,22.4B,22.8B,22.3B,22.3B,22B,21.7B,21.9B,22.3B,22.7B,23.1B,23.6B,24.4B,24.9B,23.8B,26.4B,28.7B,31.2B,34B,36.4B,39.1B,41.8B,44.6B
Cameroon,4.96B,5.01B,5.17B,5.36B,5.55B,5.66B,5.92B,5.28B,5.61B,5.89B,6.07B,6.28B,6.45B,6.79B,7.52B,8.37B,7.91B,9B,11B,11.6B,11.4B,13.4B,14.4B,15.3B,16.5B,17.8B,19B,18.6B,17.2B,16.9B,15.8B,15.2B,14.8B,13.6B,13.9B,14.4B,15B,15.8B,16.5B,17.2B,17.8B,18.6B,19.4B,20.2B,21.6B,22B,22.8B,23.9B,24.8B,25.3B,26.2B,27.2B,28.5B,30B,31.8B,33.6B,35.2B,36.4B,37.9B,39.4B
"Congo, Dem. Rep.",15.8B,14.1B,17.1B,18B,17.6B,17.7B,18.9B,18.8B,19.6B,21.4B,21.3B,22.6B,22.7B,24.5B,25.3B,24B,22.7B,22.9B,21.7B,21.8B,22.3B,22.8B,22.7B,23B,24.3B,24.4B,25.5B,26.2B,26.3B,26B,24.3B,22.3B,19.9B,17.2B,16.6B,16.7B,16.5B,15.6B,15.3B,14.7B,13.7B,13.4B,13.8B,14.5B,15.5B,16.5B,17.3B,18.4B,19.6B,20.1B,21.6B,23B,24.7B,26.8B,29.3B,31.3B,32.1B,33.3B,35.2B,36.8B
"Congo, Rep.",1.48B,1.61B,1.69B,1.62B,1.69B,1.75B,1.77B,1.81B,1.95B,2.09B,2.23B,2.4B,2.61B,2.82B,3.04B,3.28B,3.31B,3.01B,3.21B,3.52B,4.14B,4.87B,6.02B,6.37B,6.82B,6.74B,6.27B,6.28B,6.4B,6.56B,6.63B,6.79B,6.96B,6.9B,6.52B,6.78B,7.07B,7.02B,7.29B,7.1B,7.64B,7.93B,8.29B,8.36B,8.65B,9.32B,9.9B,9.74B,10.3B,11.1B,12B,12.4B,12.9B,13.3B,14.3B,14.6B,14.2B,14B,14.2B,14.1B
Colombia,37.6B,39.5B,41.6B,43B,45.6B,47.3B,49.8B,51.8B,54.9B,58.2B,61.8B,65.5B,70.6B,75.3B,79.6B,81.5B,85.3B,88.9B,96.4B,102B,106B,108B,109B,111B,115B,118B,125B,132B,137B,142B,148B,151B,157B,165B,175B,184B,188B,194B,195B,187B,193B,196B,201B,209B,220B,230B,246B,263B,271B,274B,287B,306B,318B,335B,350B,360B,368B,373B,382B,395B
Comoros,,,,,,,,,,,,,,,,,,,,,432M,449M,477M,500M,521M,533M,543M,552M,566M,548M,576M,545M,592M,610M,577M,598M,590M,614M,622M,634M,703M,719M,736M,752M,766M,788M,809M,815M,848M,875M,908M,945M,975M,1.02B,1.04B,1.05B,1.09B,1.13B,1.17B,1.2B
Cape Verde,,,,,,,,,,,,,,,,,,,,,193M,209M,215M,236M,245M,266M,274M,285M,303M,320M,322M,327M,362M,394M,469M,536M,597M,663M,746M,830M,948M,970M,1.02B,1.06B,1.17B,1.25B,1.35B,1.56B,1.66B,1.64B,1.66B,1.73B,1.75B,1.76B,1.77B,1.79B,1.88B,1.95B,2.03B,2.15B
Costa Rica,3.87B,3.95B,4.16B,4.45B,4.61B,4.99B,5.34B,5.64B,6.12B,6.45B,6.94B,7.41B,8.01B,8.63B,9.11B,9.3B,9.81B,10.7B,11.4B,11.9B,12B,11.7B,10.9B,11.2B,12.1B,12.2B,12.9B,13.5B,13.9B,14.7B,15.2B,15.6B,17B,18.2B,19B,19.8B,20.1B,21.2B,22.7B,23.6B,24.5B,25.3B,26.1B,27.3B,28.4B,29.5B,31.7B,34.3B,35.9B,35.5B,37.3B,38.9B,40.7B,41.7B,43.1B,44.7B,46.6B,48.4B,49.7B,50.7B
Cuba,,,,,,,,,,,19.6B,21.3B,22.3B,23.1B,23.3B,25.5B,26.9B,29.2B,31.2B,31.5B,30B,35.9B,39.1B,41.2B,44.5B,45.2B,45.2B,44.1B,45.8B,46.1B,44.7B,39.9B,35.3B,30.1B,30.3B,31B,33.4B,34.4B,34.4B,36.6B,38.7B,40B,40.5B,42.1B,44.5B,49.5B,55.5B,59.5B,61.9B,62.8B,64.3B,66.1B,68.1B,70B,70.7B,73.9B,74.2B,75.6B,77.3B,
Cayman Islands,,,,,,,,,,,,,,,,,,,,,,,,,,,,,,,,,,,,,,,,,,,,,,,4.48B,4.62B,4.6B,4.27B,4.16B,4.21B,4.26B,4.31B,4.43B,4.55B,4.69B,4.84B,4.99B,
Cyprus,,,,,,,,,,,,,,,,3.69B,4.44B,5.17B,5.57B,6.12B,6.47B,6.64B,7.04B,7.43B,8.08B,8.48B,8.79B,9.41B,10.2B,11B,11.9B,11.9B,13.1B,13.2B,13.9B,15.1B,15.3B,15.7B,16.6B,17.5B,18.5B,19.3B,20B,20.5B,21.5B,22.6B,23.6B,24.8B,25.7B,25.2B,25.7B,25.8B,24.9B,23.3B,22.9B,23.6B,25.2B,26.3B,27.4B,28.3B
Czech Republic,,,,,,,,,,,,,,,,,,,,,,,,,,,,,,,145B,128B,127B,127B,131B,139B,145B,144B,144B,146B,152B,156B,159B,165B,173B,184B,197B,208B,213B,203B,207B,211B,209B,208B,214B,225B,231B,241B,248B,254B
Germany,,,,,,,,,,,1.54TR,1.59TR,1.65TR,1.73TR,1.75TR,1.73TR,1.82TR,1.88TR,1.94TR,2.02TR,2.05TR,2.06TR,2.05TR,2.08TR,2.14TR,2.19TR,2.24TR,2.27TR,2.36TR,2.45TR,2.58TR,2.71TR,2.76TR,2.73TR,2.8TR,2.84TR,2.86TR,2.92TR,2.97TR,3.03TR,3.12TR,3.17TR,3.16TR,3.14TR,3.18TR,3.2TR,3.32TR,3.42TR,3.46TR,3.26TR,3.4TR,3.53TR,3.54TR,3.56TR,3.64TR,3.7TR,3.78TR,3.88TR,3.94TR,3.96TR
Djibouti,,,,,,,,,,,,,,,,,,,,,,,,,,,,,,,,,,,,,,,,,,,,,,,,,,,1.13B,,,,,,,,,
Dominica,,,,,,,,,,,,,,,,,,192M,213M,174M,197M,218M,227M,233M,243M,246M,264M,280M,302M,301M,318M,322M,329M,336M,336M,346M,357M,365M,378M,380M,389M,388M,377M,401M,414M,416M,436M,463M,496M,491M,494M,493M,488M,483M,504M,491M,503M,469M,479M,507M
Denmark,94.1B,100B,106B,106B,116B,122B,125B,132B,139B,148B,151B,155B,161B,168B,166B,163B,173B,176B,180B,187B,186B,185B,192B,197B,205B,213B,224B,224B,224B,226B,229B,232B,237B,237B,250B,257B,265B,273B,279B,287B,298B,301B,302B,303B,311B,319B,331B,334B,332B,316B,322B,326B,327B,330B,335B,343B,354B,362B,370B,379B
Dominican Republic,4.36B,4.26B,4.99B,5.31B,5.67B,4.96B,5.63B,5.82B,5.83B,6.47B,7.65B,8.48B,9.36B,10.6B,11.2B,11.8B,12.6B,13.2B,13.5B,14.1B,15.2B,15.9B,16.1B,16.9B,17.1B,16.7B,17.3B,19.1B,19.5B,20.3B,19.2B,19.4B,21.6B,23.2B,23.8B,25.1B,26.6B,29B,31B,32.8B,34.3B,35.2B,36.7B,36.3B,37.2B,40.7B,44.4B,47.7B,49.2B,49.7B,53.9B,55.5B,57.1B,59.8B,64.1B,68.5B,73.1B,76.5B,81.8B,86B
Algeria,27.4B,23.7B,19B,25.6B,27.1B,28.7B,27.4B,30B,33.2B,36B,39.2B,34.7B,44.3B,46B,49.4B,51.9B,56.2B,59.2B,64.7B,69.5B,70B,72.1B,76.8B,80.9B,85.4B,88.6B,88.9B,88.3B,87.4B,91.3B,92B,90.9B,92.6B,90.6B,89.8B,93.2B,97B,98.1B,103B,106B,110B,114B,120B,129B,134B,142B,145B,150B,153B,156B,161B,166B,172B,176B,183B,190B,196B,198B,201B,203B
Ecuador,10.2B,10.7B,11.2B,11.5B,12.3B,12.7B,12.7B,13.2B,13.5B,14.1B,15.1B,16B,16.9B,19.2B,21.4B,23.7B,25.5B,25.9B,27.3B,28.4B,29.4B,31.1B,31.3B,31.1B,32B,33.2B,34.4B,34.3B,36.3B,36.7B,38B,39.7B,40.5B,41.3B,43B,44B,44.8B,46.7B,48.2B,46B,46.5B,48.3B,50.3B,51.7B,55.9B,58.9B,61.5B,62.8B,66.8B,67.2B,69.6B,75B,79.3B,83.2B,86.3B,86.4B,85.4B,87.4B,88.5B,88.6B
Egypt,15.4B,16.2B,16.8B,18.6B,20.7B,21.8B,22.9B,23B,22.7B,23.9B,25.2B,26.2B,27B,28B,28.4B,30.9B,35.1B,38.2B,41.5B,43.4B,47.7B,51.2B,56.3B,59.2B,65B,68.7B,72B,74.7B,78.8B,82.7B,87.4B,88.4B,92.3B,95B,98.8B,103B,109B,114B,121B,128B,136B,141B,145B,149B,155B,162B,173B,186B,199B,208B,219B,223B,228B,233B,239B,250B,261B,272B,286B,302B
Eritrea,,,,,,,,,,,,,,,,,,,,,,,,,,,,,,,,,886M,1B,1.22B,1.25B,1.37B,1.48B,1.5B,1.5B,1.46B,1.58B,1.63B,1.59B,1.61B,1.65B,1.64B,1.66B,1.5B,1.56B,1.59B,1.73B,,,,,,,,
Spain,225B,251B,276B,303B,319B,339B,363B,379B,404B,440B,459B,480B,519B,560B,591B,595B,614B,632B,641B,641B,655B,654B,663B,674B,686B,702B,725B,765B,804B,843B,875B,897B,906B,896B,918B,943B,968B,1TR,1.05TR,1.1TR,1.15TR,1.2TR,1.23TR,1.27TR,1.31TR,1.35TR,1.41TR,1.46TR,1.47TR,1.42TR,1.42TR,1.41TR,1.37TR,1.35TR,1.37TR,1.42TR,1.46TR,1.5TR,1.54TR,1.57TR
Estonia,,,,,,,,,,,,,,,,,,,,,,,,,,,,,,,,,,10.1B,9.91B,10.4B,10.9B,12.3B,12.8B,12.8B,14.1B,14.9B,15.9B,17.1B,18.3B,20B,22B,23.6B,22.4B,19.2B,19.7B,21.2B,21.8B,22.1B,22.8B,23.2B,23.8B,25.2B,26.4B,27.5B
Ethiopia,,,,,,,,,,,,,,,,,,,,,,8.23B,8.3B,8.99B,8.73B,7.76B,8.51B,9.69B,9.74B,9.7B,9.96B,9.25B,8.45B,9.56B,9.87B,10.5B,11.8B,12.1B,11.7B,12.3B,13.1B,14.2B,14.4B,14.1B,16B,17.9B,19.8B,22.1B,24.4B,26.6B,29.9B,33.3B,36.2B,40B,44.1B,48.7B,53.3B,58.4B,62.3B,67.5B
Finland,54B,58.1B,59.8B,61.7B,65B,68.4B,70.1B,71.6B,73.2B,80.2B,84.1B,86.1B,92.8B,99.3B,102B,104B,105B,105B,108B,116B,122B,124B,127B,131B,136B,140B,144B,149B,157B,165B,166B,157B,151B,150B,156B,163B,169B,180B,189B,198B,209B,215B,218B,223B,232B,238B,248B,261B,263B,241B,249B,256B,252B,250B,249B,250B,257B,265B,269B,272B
Fiji,698M,722M,749M,796M,835M,812M,812M,921M,994M,1.02B,1.15B,1.23B,1.32B,1.47B,1.51B,1.52B,1.56B,1.65B,1.68B,1.89B,1.86B,1.98B,1.86B,1.79B,1.94B,1.85B,1.99B,1.86B,1.88B,2.02B,2.13B,2.07B,2.2B,2.25B,2.36B,2.42B,2.54B,2.48B,2.51B,2.74B,2.69B,2.74B,2.83B,2.86B,3.01B,3.03B,3.09B,3.06B,3.09B,3.05B,3.14B,3.23B,3.27B,3.43B,3.62B,3.79B,3.88B,4.09B,4.24B,4.28B
France,594B,624B,666B,708B,755B,792B,833B,874B,914B,979B,1.04TR,1.09TR,1.14TR,1.22TR,1.27TR,1.26TR,1.31TR,1.36TR,1.41TR,1.46TR,1.48TR,1.5TR,1.54TR,1.56TR,1.58TR,1.6TR,1.64TR,1.68TR,1.76TR,1.84TR,1.89TR,1.91TR,1.94TR,1.93TR,1.98TR,2.02TR,2.05TR,2.1TR,2.17TR,2.25TR,2.33TR,2.38TR,2.41TR,2.43TR,2.5TR,2.54TR,2.6TR,2.66TR,2.67TR,2.59TR,2.64TR,2.7TR,2.71TR,2.72TR,2.75TR,2.78TR,2.81TR,2.88TR,2.93TR,2.97TR
Faeroe Islands,,,,,,,,,,,,,,,,,,,,,,,,,,,,,,,,,,,,,,,,,,,,,,,,,,,2.32B,,,,,,,,,
"Micronesia, Fed. Sts.",,,,,,,,,,,,,,,,,,,,,,,,,,,204M,207M,212M,219M,227M,244M,254M,275M,273M,293M,283M,266M,274M,277M,291M,297M,299M,303M,294M,300M,300M,294M,287M,290M,297M,306M,301M,290M,283M,296M,299M,307M,307M,
Gabon,2.19B,2.51B,2.7B,2.86B,2.99B,3.24B,3.39B,3.53B,3.62B,3.91B,4.25B,4.68B,5.21B,5.74B,8.01B,9.55B,13B,11.3B,8.6B,8.64B,8.86B,9.31B,9.02B,9.53B,10.2B,10B,9.93B,8.22B,9.28B,10.1B,10.6B,11.2B,10.9B,11.3B,11.7B,12.3B,12.8B,13.5B,14B,12.7B,12.5B,12.8B,12.7B,13B,13.1B,13.5B,13.1B,13.9B,13.4B,13.4B,14.4B,15.4B,16.2B,17.1B,17.9B,18.5B,18.9B,19B,19.2B,19.8B
Isle of Man,,,,,,,,,,,,,,,,,,,,,,,,,1.18B,1.19B,1.41B,1.55B,1.74B,1.86B,1.93B,1.96B,1.98B,2.03B,2.11B,2.2B,2.37B,2.58B,2.92B,3.32B,3.5B,3.69B,3.91B,4.15B,4.37B,4.63B,4.98B,5.36B,5.61B,5.73B,5.92B,6.04B,6.23B,6.51B,6.84B,6.78B,7.28B,7.54B,,
United Kingdom,730B,750B,758B,795B,839B,857B,870B,895B,943B,961B,998B,1.03TR,1.08TR,1.15TR,1.12TR,1.1TR,1.13TR,1.16TR,1.21TR,1.26TR,1.23TR,1.22TR,1.25TR,1.3TR,1.33TR,1.38TR,1.43TR,1.5TR,1.59TR,1.63TR,1.64TR,1.62TR,1.63TR,1.67TR,1.74TR,1.78TR,1.82TR,1.89TR,1.96TR,2.03TR,2.1TR,2.16TR,2.21TR,2.29TR,2.34TR,2.42TR,2.48TR,2.54TR,2.54TR,2.43TR,2.48TR,2.51TR,2.55TR,2.61TR,2.67TR,2.74TR,2.79TR,2.84TR,2.88TR,2.92TR
Georgia,,,,,,7.35B,7.9B,8.39B,8.77B,9.19B,10.3B,10.5B,10.8B,11.5B,12.6B,13.5B,14.3B,15.3B,16.4B,17.7B,18.5B,19.4B,19.8B,20.7B,21.8B,22.9B,21B,21.3B,22.5B,20.8B,17.8B,14B,7.72B,5.46B,4.89B,5.02B,5.58B,6.17B,6.36B,6.54B,6.66B,6.98B,7.36B,8.18B,8.65B,9.48B,10.4B,11.7B,12B,11.5B,12.2B,13.1B,14B,14.5B,15.1B,15.6B,16B,16.8B,17.6B,18.5B
Ghana,7.01B,7.25B,7.55B,7.88B,8.06B,8.17B,7.82B,8.06B,8.09B,8.58B,9.41B,9.9B,9.65B,9.93B,10.6B,9.29B,8.97B,9.17B,9.95B,9.7B,9.74B,9.4B,8.75B,8.35B,9.07B,9.53B,10B,10.5B,11.1B,11.7B,12.1B,12.7B,13.2B,13.8B,14.3B,14.9B,15.6B,16.2B,17B,17.7B,18.4B,19.1B,20B,21B,22.2B,23.5B,25B,26.1B,28.5B,29.8B,32.2B,36.7B,40.1B,43.1B,44.3B,45.3B,46.8B,50.7B,53.8B,57.3B
Guinea,,,,,,,,,,,,,,,,,,,,,,,,,,,2.89B,2.98B,3.17B,3.3B,3.44B,3.53B,3.65B,3.83B,3.98B,4.17B,4.35B,4.58B,4.75B,4.93B,5.05B,5.23B,5.51B,5.57B,5.7B,5.88B,5.94B,6.35B,6.61B,6.54B,6.85B,7.24B,7.67B,7.97B,8.26B,8.58B,9.51B,10.5B,11.1B,11.8B
Gambia,,,,,,,290M,290M,317M,325M,345M,345M,346M,378M,400M,450M,483M,499M,531M,524M,556M,575M,571M,633M,655M,650M,676M,693M,724M,767M,794M,819M,846M,872M,873M,881M,900M,944M,977M,1.04B,1.1B,1.16B,1.12B,1.2B,1.28B,1.25B,1.25B,1.29B,1.37B,1.46B,1.54B,1.42B,1.49B,1.53B,1.51B,1.57B,1.61B,1.68B,1.79B,1.9B
Guinea-Bissau,,,,,,,,,,,347M,333M,355M,359M,375M,404M,424M,394M,446M,455M,382M,451M,470M,454M,496M,516M,512M,527M,552M,585M,621M,653M,660M,674M,695M,726M,810M,863M,620M,626M,660M,675M,668M,672M,691M,720M,737M,761M,785M,812M,849M,918M,902M,931M,940M,998M,1.06B,1.12B,1.17B,1.22B
Equatorial Guinea,,,,,,,,,,,,,,,,,,,,,165M,175M,178M,187M,189M,214M,209M,218M,224M,221M,217M,215M,289M,321M,375M,440M,734M,1.83B,2.27B,2.85B,3.37B,5.51B,6.58B,7.5B,10.4B,12.1B,13B,15B,17.7B,17.9B,16.3B,17.4B,18.8B,18B,18.1B,16.5B,15B,14.2B,13.3B,12.5B
Greece,52.2B,59B,59.3B,66.3B,72.5B,80.3B,85.5B,90.4B,96.9B,108B,118B,127B,140B,151B,141B,150B,161B,166B,178B,183B,185B,182B,180B,178B,181B,186B,187B,183B,190B,198B,198B,204B,205B,202B,206B,210B,216B,226B,235B,242B,252B,262B,272B,288B,303B,304B,322B,332B,331B,317B,299B,272B,252B,244B,246B,245B,244B,248B,253B,257B
Grenada,,,,,,,,,,,,,,,,,,266M,280M,296M,294M,298M,311M,322M,334M,354M,379M,413M,426M,442M,459M,466M,462M,453M,460M,470M,491M,516M,576M,616M,646M,633M,655M,717M,712M,807M,775M,822M,830M,775M,771M,777M,768M,786M,844M,898M,932M,973M,1.01B,1.04B
Greenland,,,,,,,,,,,726M,821M,872M,931M,985M,991M,1.05B,1.14B,1.21B,1.27B,1.38B,1.39B,1.33B,1.37B,1.3B,1.35B,1.45B,1.53B,1.61B,1.72B,1.52B,1.52B,1.44B,1.37B,1.45B,1.5B,1.52B,1.55B,1.67B,1.69B,1.81B,1.83B,1.81B,1.89B,2.03B,2.13B,2.24B,2.3B,2.44B,2.46B,2.5B,2.49B,2.53B,2.49B,2.61B,2.54B,2.66B,2.68B,2.76B,
Guatemala,6.16B,6.42B,6.65B,7.28B,7.62B,7.95B,8.39B,8.73B,9.5B,9.95B,10.5B,11.1B,11.9B,12.7B,13.5B,13.8B,14.8B,16B,16.8B,17.6B,18.2B,18.3B,17.7B,17.2B,17.3B,17.2B,17.2B,17.9B,18.6B,19.3B,19.9B,20.6B,21.6B,22.5B,23.4B,24.5B,25.2B,26.3B,27.7B,28.7B,29.8B,30.5B,31.6B,32.4B,33.5B,34.6B,36.4B,38.7B,40B,40.2B,41.3B,43.1B,44.3B,46B,48B,50B,51.3B,52.9B,54.6B,56.7B
Guam,,,,,,,,,,,,,,,,,,,,,,,,,,,,,,,,,,,,,,,,,,,4.36B,4.4B,4.68B,4.85B,4.66B,4.7B,4.78B,4.79B,4.89B,4.9B,5B,5.09B,5.18B,5.2B,5.22B,5.23B,5.22B,
Guyana,971M,1.02B,1.03B,902M,1B,1.11B,1.17B,1.22B,1.23B,1.32B,1.37B,1.42B,1.37B,1.39B,1.49B,1.62B,1.64B,1.6B,1.57B,1.54B,1.57B,1.59B,1.38B,1.29B,1.22B,1.25B,1.24B,1.25B,1.21B,1.15B,1.11B,1.18B,1.27B,1.38B,1.49B,1.57B,1.69B,1.8B,1.77B,1.82B,1.8B,1.84B,1.86B,1.85B,1.87B,1.84B,1.93B,2.07B,2.11B,2.18B,2.27B,2.39B,2.52B,2.64B,2.75B,2.83B,2.93B,2.99B,3.11B,3.26B
"Hong Kong, China",,10.7B,12.2B,14.2B,15.4B,17.6B,18B,18.3B,18.9B,21B,22.9B,24.6B,27.2B,30.6B,31.3B,31.5B,36.6B,40.8B,44.2B,49.3B,54.3B,59.3B,61.1B,64.7B,71.2B,71.7B,79.7B,90.3B,98B,100B,104B,110B,117B,124B,132B,135B,141B,148B,139B,142B,153B,154B,157B,162B,176B,189B,202B,215B,220B,214B,229B,240B,244B,251B,258B,264B,270B,280B,288B,285B
Honduras,2.23B,2.28B,2.41B,2.49B,2.63B,2.87B,3.02B,3.2B,3.41B,3.43B,3.56B,3.7B,3.91B,4.22B,4.17B,4.26B,4.71B,5.19B,5.5B,5.81B,5.85B,5.78B,5.66B,5.71B,6.07B,6.41B,6.75B,7.2B,7.33B,7.53B,7.74B,7.48B,7.93B,8.45B,8.47B,8.99B,9.16B,9.58B,9.92B,9.85B,10.6B,10.9B,11.3B,11.8B,12.5B,13.3B,14.1B,15B,15.7B,15.3B,15.8B,16.4B,17.1B,17.6B,18.1B,18.8B,19.6B,20.5B,21.3B,21.8B
Croatia,,,,,,,,,,,,,,,,,,,,,,,,,,,,,,,,,,,,39.6B,41.9B,44.7B,45.6B,45.2B,46.7B,48.3B,50.8B,53.6B,55.9B,58.3B,61.2B,64.4B,65.5B,60.7B,59.8B,59.6B,58.3B,58B,57.9B,59.3B,61.4B,63.3B,65B,66.9B
Haiti,3.84B,3.73B,4.02B,3.95B,3.88B,3.96B,3.94B,3.86B,3.98B,4.13B,4.16B,4.43B,4.47B,4.68B,4.96B,5.01B,5.43B,5.64B,5.99B,6.44B,6.91B,6.72B,6.48B,6.54B,6.55B,6.59B,6.56B,6.51B,6.52B,6.33B,6.4B,6.52B,6.17B,5.84B,5.14B,5.65B,5.88B,6.04B,6.17B,6.34B,6.4B,6.33B,6.31B,6.34B,6.11B,6.22B,6.36B,6.58B,6.63B,6.84B,6.62B,6.99B,7.19B,7.5B,7.7B,7.8B,7.91B,8B,8.12B,8.05B
Hungary,,,,,,,,,,,,,,,,,,,,,,,,,,,,,,,,91.9B,89.1B,88.6B,91.2B,92.5B,92.6B,95.5B,99.2B,102B,107B,111B,116B,121B,127B,132B,138B,138B,140B,130B,131B,134B,132B,134B,140B,145B,148B,155B,163B,171B
Indonesia,60.6B,64.1B,65.2B,63.8B,66B,66.7B,68.6B,69.6B,77.1B,82.4B,88.6B,94.9B,102B,110B,118B,124B,133B,144B,154B,165B,182B,196B,200B,209B,223B,229B,242B,254B,269B,289B,310B,331B,353B,376B,404B,437B,471B,494B,429B,432B,453B,470B,491B,515B,540B,571B,603B,641B,679B,711B,755B,802B,850B,897B,942B,988B,1.04TR,1.09TR,1.15TR,1.2TR
India,149B,154B,159B,168B,181B,176B,176B,190B,196B,209B,220B,223B,222B,230B,232B,254B,258B,276B,292B,277B,296B,313B,324B,348B,361B,380B,398B,414B,454B,481B,508B,513B,541B,567B,604B,650B,699B,728B,773B,841B,873B,915B,950B,1.03TR,1.11TR,1.19TR,1.29TR,1.39TR,1.43TR,1.54TR,1.68TR,1.76TR,1.86TR,1.98TR,2.13TR,2.29TR,2.48TR,2.66TR,2.82TR,2.96TR
Ireland,,,,,,,,,,,37.7B,39B,41.5B,43.5B,45.3B,47.9B,48.6B,52.6B,56.3B,58.1B,59.9B,61.9B,63.3B,63.1B,65.9B,67.9B,67.6B,70.8B,74.4B,78.8B,85.4B,87.1B,90B,92.4B,97.7B,107B,115B,128B,139B,153B,168B,177B,187B,193B,206B,217B,228B,241B,230B,218B,222B,223B,223B,226B,246B,308B,319B,345B,373B,394B
Iran,65.3B,72.8B,79B,84.7B,92.5B,108B,121B,135B,155B,180B,200B,229B,262B,284B,303B,295B,346B,332B,285B,255B,185B,176B,223B,242B,221B,226B,203B,204B,193B,205B,233B,262B,269B,272B,268B,274B,288B,290B,296B,299B,316B,319B,342B,372B,388B,400B,420B,454B,456B,460B,487B,500B,462B,462B,483B,476B,540B,561B,,
Iraq,,,,,,,,,13.5B,13.9B,14.5B,15.3B,15.9B,16.6B,19.3B,21.7B,25.4B,25.9B,30.3B,36.6B,45.7B,45.4B,46.9B,40.8B,40.2B,40.8B,42.6B,46.6B,46.6B,45.2B,71.3B,25.6B,34B,44.3B,46B,46.9B,52.1B,63.2B,85.2B,100B,102B,104B,96.8B,64.7B,99.8B,104B,115B,116B,126B,130B,139B,149B,170B,183B,184B,188B,217B,212B,211B,220B
Iceland,,,,,,,,,,,3.32B,3.75B,3.99B,4.26B,4.5B,4.53B,4.8B,5.22B,5.54B,5.81B,6.14B,6.4B,6.54B,6.4B,6.66B,6.88B,7.31B,7.94B,7.93B,7.95B,8.04B,8.03B,7.76B,7.86B,8.14B,8.15B,8.52B,9.01B,9.65B,10B,10.5B,10.9B,11B,11.3B,12.2B,12.9B,13.6B,14.9B,15.2B,14.2B,13.7B,13.9B,14.1B,14.7B,15B,15.7B,16.8B,17.5B,18.2B,18.5B
Israel,18.6B,20.7B,22.8B,25.2B,27.2B,29.7B,29.6B,30.5B,35.5B,40.3B,41.5B,46.1B,51.7B,54.6B,58.1B,60B,60.2B,60.8B,64.2B,68.2B,69.3B,73B,74.5B,77B,77.7B,80.9B,84.3B,90.3B,92.9B,93.4B,100B,108B,116B,121B,130B,139B,146B,152B,157B,162B,174B,175B,175B,176B,184B,191B,202B,213B,220B,222B,234B,245B,251B,261B,271B,277B,288B,298B,309B,320B
Italy,546B,591B,628B,663B,681B,704B,746B,799B,852B,904B,951B,968B,1TR,1.08TR,1.13TR,1.11TR,1.19TR,1.22TR,1.26TR,1.34TR,1.38TR,1.39TR,1.4TR,1.42TR,1.46TR,1.5TR,1.54TR,1.59TR,1.66TR,1.72TR,1.75TR,1.78TR,1.79TR,1.78TR,1.82TR,1.87TR,1.89TR,1.93TR,1.96TR,1.99TR,2.07TR,2.11TR,2.11TR,2.12TR,2.15TR,2.17TR,2.2TR,2.24TR,2.22TR,2.1TR,2.13TR,2.15TR,2.09TR,2.05TR,2.05TR,2.06TR,2.09TR,2.12TR,2.14TR,2.15TR
Jamaica,,,,,,,6.76B,6.88B,7.28B,7.68B,8.61B,8.82B,10.4B,9.84B,9.42B,9.4B,8.77B,8.54B,8.54B,8.45B,7.96B,8.17B,8.34B,8.5B,8.37B,8.12B,8.28B,8.93B,9.28B,9.95B,10.4B,10.9B,11.1B,12.1B,12.3B,12.6B,12.6B,12.4B,12.1B,12.3B,12.4B,12.5B,12.8B,13.3B,13.4B,13.5B,13.9B,14.1B,14B,13.4B,13.2B,13.4B,13.4B,13.4B,13.5B,13.7B,13.8B,14B,14.2B,14.3B
Jordan,,,,,,,,,,,,,,,,3.48B,4.32B,4.61B,5.57B,6.08B,7.24B,7.58B,8.14B,8.3B,9.02B,9.33B,9.98B,10.3B,10.1B,8.73B,8.81B,8.97B,10.6B,11.1B,11.7B,12.4B,12.7B,13.1B,13.5B,13.9B,14.5B,15.3B,16.2B,16.9B,18.3B,19.8B,21.4B,23.2B,24.8B,26.2B,26.8B,27.5B,28.2B,29B,29.9B,30.6B,31.2B,31.9B,32.5B,33.2B
Japan,796B,892B,972B,1.05TR,1.18TR,1.25TR,1.38TR,1.53TR,1.73TR,1.94TR,1.95TR,2.04TR,2.21TR,2.39TR,2.36TR,2.44TR,2.53TR,2.64TR,2.78TR,2.94TR,3.02TR,3.15TR,3.25TR,3.37TR,3.52TR,3.7TR,3.82TR,4TR,4.28TR,4.48TR,4.7TR,4.86TR,4.91TR,4.88TR,4.93TR,5.06TR,5.22TR,5.28TR,5.22TR,5.2TR,5.35TR,5.37TR,5.38TR,5.46TR,5.58TR,5.67TR,5.75TR,5.85TR,5.78TR,5.47TR,5.7TR,5.69TR,5.78TR,5.89TR,5.92TR,5.99TR,6.02TR,6.15TR,6.17TR,6.21TR
Kazakhstan,,,,,,,,,,,,,,,,,,,,,,,,,,,,,,,96.3B,85.7B,81.2B,73.7B,64.4B,59.1B,59.4B,60.4B,59.3B,60.9B,66.9B,75.9B,83.3B,91.1B,99.8B,109B,121B,132B,136B,138B,148B,159B,167B,177B,184B,186B,188B,196B,204B,213B
Kenya,4.36B,4.02B,4.41B,4.79B,5.03B,5.13B,5.89B,6.08B,6.57B,7.09B,6.76B,8.26B,9.67B,10.2B,10.7B,10.8B,11B,12B,12.9B,13.8B,14.6B,15.2B,15.4B,15.6B,15.9B,16.5B,17.7B,18.8B,20B,20.9B,21.8B,22.1B,21.9B,22B,22.6B,23.6B,24.5B,24.6B,25.5B,26B,26.2B,27.2B,27.3B,28.1B,29.6B,31.3B,33.3B,35.6B,35.7B,36.9B,40B,42.4B,44.4B,47B,49.5B,52.3B,55.4B,58.1B,61.7B,65.1B
Kyrgyz Republic,,,,,,,,,,,,,,,,,,,,,,,,,,,3.79B,3.91B,4.43B,4.55B,4.81B,4.43B,3.82B,3.23B,2.58B,2.44B,2.61B,2.87B,2.93B,3.04B,3.21B,3.38B,3.38B,3.61B,3.87B,3.86B,3.98B,4.32B,4.68B,4.82B,4.79B,5.08B,5.08B,5.63B,5.86B,6.08B,6.35B,6.65B,6.9B,7.21B
Cambodia,,,,,,,,,,,,,,,,,,,,,,,,,,,,,,,,,,5.08B,3.31B,3.64B,3.86B,4.01B,4.2B,4.73B,5.24B,5.63B,6B,6.51B,7.19B,8.14B,9.01B,9.94B,10.6B,10.6B,11.2B,12B,12.9B,13.9B,14.9B,15.9B,17B,18.2B,19.5B,20.9B
Kiribati,,,,,,,,,,,122M,120M,134M,162M,236M,248M,182M,173M,175M,155M,129M,125M,134M,133M,139M,129M,128M,117M,127M,123M,122M,122M,123M,124M,126M,126M,128M,130M,139M,137M,145M,143M,149M,152M,149M,157M,156M,160M,156M,158M,156M,159M,166M,173M,172M,190M,200M,201M,206M,211M
St. Kitts and Nevis,,,,,,,,,,,,,,,,,,189M,196M,211M,229M,233M,234M,237M,258M,280M,310M,330M,361M,381M,399M,392M,409M,436M,459M,484M,513M,547M,545M,562M,621M,655M,671M,648M,675M,740M,747M,751M,797M,765M,760M,774M,757M,798M,848M,856M,881M,863M,888M,911M
South Korea,23.3B,24.9B,25.9B,28.2B,30.9B,33.2B,37.2B,40.5B,45.9B,52.5B,57.8B,63.9B,68.5B,78.7B,86.2B,93B,105B,118B,131B,143B,140B,150B,163B,185B,204B,220B,245B,276B,310B,331B,364B,403B,428B,458B,500B,548B,592B,628B,596B,664B,725B,760B,818B,844B,888B,926B,975B,1.03TR,1.06TR,1.07TR,1.14TR,1.19TR,1.21TR,1.25TR,1.29TR,1.33TR,1.37TR,1.41TR,1.45TR,1.48TR
Kosovo,,,,,,,,,,,,,,,,,,,,,,,,,,,,,,,,,,,,,,,,,3.15B,4B,3.97B,4.2B,4.31B,4.58B,4.78B,5.13B,5.45B,5.65B,5.84B,6.09B,6.26B,6.48B,6.56B,6.83B,7.1B,7.4B,7.69B,8.01B
Kuwait,,,,,,,,,,,,,,,,,,,,,,,,,,,,,,,,,44.1B,59B,64B,67.1B,67.5B,69.2B,71.7B,70.5B,73.8B,73.9B,76.1B,89.3B,98.5B,109B,117B,124B,127B,118B,115B,127B,135B,136B,137B,138B,142B,135B,137B,138B
Lao,,,,,,,,,,,,,,,,,,,,,,,,,1.52B,1.59B,1.67B,1.65B,1.61B,1.84B,1.97B,2.05B,2.17B,2.29B,2.48B,2.66B,2.84B,3.03B,3.16B,3.39B,3.58B,3.79B,4.01B,4.26B,4.53B,4.85B,5.27B,5.67B,6.11B,6.57B,7.13B,7.7B,8.32B,8.99B,9.67B,10.4B,11.1B,11.9B,12.6B,13.2B
Lebanon,,,,,,,,,,,,,,,,,,,,,,,,,,,,,11.6B,6.66B,8.43B,12.6B,14.7B,16.2B,17.6B,18.7B,20.8B,21B,21.8B,21.7B,22B,22.8B,23.6B,24.4B,26B,26.7B,27.1B,29.6B,32.3B,35.6B,38.4B,38.8B,39.8B,41.3B,42.3B,42.4B,43B,43.4B,42.6B,40.2B
Liberia,,,,,,,,,,,,,,,,,,,,,,,,,,,,,,,,,,,,,,,,,1.75B,1.8B,1.87B,1.31B,1.34B,1.41B,1.52B,1.67B,1.79B,1.88B,2B,2.16B,2.33B,2.54B,2.56B,2.56B,2.51B,2.58B,2.61B,2.55B
Libya,,,,,,,,,,,,,,,,,,,,,,,,,,,,,,,,,,,,,,,,46.3B,48B,47.2B,46.7B,52.8B,55.2B,61.7B,65.7B,69.9B,71.8B,71.2B,74.8B,28.4B,63.3B,54.7B,41.5B,37.9B,36.8B,46.6B,53.7B,55B
St. Lucia,,,,,,,,,,,,,,,,,,407M,449M,466M,456M,485M,495M,519M,557M,603M,690M,717M,817M,890M,978M,982M,1.06B,1.07B,1.08B,1.1B,1.13B,1.13B,1.2B,1.23B,1.23B,1.19B,1.19B,1.24B,1.33B,1.33B,1.41B,1.43B,1.51B,1.46B,1.49B,1.57B,1.57B,1.52B,1.54B,1.52B,1.58B,1.64B,1.68B,1.71B
Liechtenstein,,,,,,,,,,,,,,,,,,,,,,,,,,,,,,,,,,,,,,,,,,,,,,,,,,,5.08B,,,,,,,,,
Sri Lanka,,5.92B,6.15B,6.31B,6.55B,6.72B,7.06B,7.51B,7.95B,8.56B,8.89B,9B,8.97B,9.6B,9.97B,10.6B,10.9B,11.5B,12.1B,12.9B,13.7B,14.5B,15.1B,15.8B,16.6B,17.4B,18.2B,18.5B,18.9B,19.4B,20.6B,21.6B,22.5B,24.1B,25.4B,26.8B,27.8B,29.6B,31B,32.3B,34.3B,33.7B,35.1B,37.2B,39.2B,41.6B,44.8B,47.9B,50.7B,52.5B,56.7B,61.5B,67.1B,69.4B,72.8B,76.5B,79.9B,82.8B,85.5B,87.5B
Lesotho,219M,223M,258M,285M,308M,315M,314M,348M,347M,352M,360M,378M,377M,477M,529M,458M,508M,619M,733M,754M,733M,738M,771M,787M,830M,852M,892M,898M,975M,1.03B,1.09B,1.17B,1.25B,1.3B,1.37B,1.42B,1.5B,1.55B,1.58B,1.58B,1.65B,1.7B,1.72B,1.8B,1.83B,1.89B,1.97B,2.06B,2.2B,2.25B,2.27B,2.39B,2.55B,2.66B,2.74B,2.81B,2.95B,2.91B,2.9B,2.94B
Lithuania,,,,,,,,,,,,,,,,,,,,,,,,,,,,,,,,,,,,19.3B,20.3B,22B,23.6B,23.4B,24.2B,25.8B,27.6B,30.5B,32.5B,35B,37.6B,41.7B,42.8B,36.5B,37B,39.3B,40.8B,42.2B,43.7B,44.6B,45.7B,47.7B,49.4B,51.4B
Luxembourg,8.5B,8.83B,8.95B,9.26B,9.99B,9.91B,10B,10B,10.5B,11.5B,12B,12.3B,13.2B,14.3B,14.9B,13.9B,14.2B,14.5B,15B,15.4B,15.5B,15.4B,15.6B,16.1B,17.1B,17.6B,19.3B,20.1B,21.8B,23.9B,25.2B,27.3B,27.8B,29B,30.1B,30.6B,31B,32.7B,34.7B,37.7B,40.8B,41.8B,43.4B,44.1B,45.7B,47.2B,49.6B,53.7B,53.1B,50.7B,53.2B,54.6B,54.4B,56.4B,58.8B,61.3B,64.1B,65.3B,67.3B,68.8B
Latvia,,,,,,,,,,,,,,,,,,,,,,,,,,,,,,,,,,,,12.8B,13.1B,14.3B,15.2B,15.6B,16.5B,17.5B,18.8B,20.4B,22.1B,24.4B,27.3B,30.1B,29.1B,24.9B,23.8B,25.3B,26.3B,27B,27.5B,28.4B,28.9B,30B,31.3B,31.9B
"Macao, China",,,,,,,,,,,,,,,,,,,,,,,4.13B,4.55B,4.93B,4.97B,5.3B,6.06B,6.53B,6.86B,7.41B,7.68B,8.7B,9.15B,9.54B,9.85B,9.81B,9.78B,9.34B,9.12B,9.64B,9.92B,10.8B,12.1B,15.3B,16.5B,18.7B,21.4B,22.2B,22.5B,28.1B,34.2B,37.4B,41.6B,41.1B,32.2B,32B,35.1B,37B,35.3B
Morocco,,,,,,,11.9B,13.1B,14.4B,15.7B,16.4B,17.3B,17.7B,18.4B,19.4B,20.9B,23.1B,24.5B,25.1B,26.3B,27.2B,26.7B,29.1B,29.5B,31.4B,33.3B,36.4B,36.3B,40.6B,41.8B,43.2B,46.3B,45.3B,45B,49.8B,47.1B,52.9B,52.1B,55.8B,56.4B,57.5B,61.7B,63.7B,67.5B,70.7B,73B,78.5B,81.3B,86.1B,89.8B,93.2B,98.1B,101B,106B,108B,113B,115B,119B,123B,126B
Monaco,,,,,,,,,,,2.01B,2.12B,2.22B,2.36B,2.47B,2.45B,2.55B,2.64B,2.75B,2.85B,2.89B,2.92B,2.99B,3.03B,3.07B,3.12B,3.2B,3.28B,3.43B,3.57B,3.67B,3.71B,3.76B,3.72B,3.81B,3.89B,3.93B,4.02B,4.16B,4.3B,4.46B,4.56B,4.61B,4.66B,4.77B,4.86B,5.15B,5.89B,5.93B,5.26B,5.37B,5.74B,5.8B,6.36B,6.82B,7.15B,7.4B,7.15B,7.58B,
Moldova,,,,,,,,,,,,,,,,,,,,,,,,,,,,,,,,,,,,4.79B,4.51B,4.59B,4.29B,4.14B,4.23B,4.49B,4.84B,5.16B,5.54B,5.95B,6.24B,6.43B,6.93B,6.51B,6.97B,7.38B,7.34B,8B,8.4B,8.37B,8.74B,9.15B,9.55B,9.88B
Madagascar,4.18B,4.26B,4.36B,4.32B,4.49B,4.47B,4.56B,4.81B,5.14B,5.33B,5.61B,5.83B,5.76B,5.61B,5.72B,5.79B,5.62B,5.75B,5.6B,6.15B,6.21B,5.6B,5.49B,5.54B,5.64B,5.7B,5.82B,5.88B,6.08B,6.33B,6.53B,6.12B,6.19B,6.32B,6.32B,6.42B,6.56B,6.8B,7.07B,7.4B,7.73B,8.2B,7.18B,7.88B,8.3B,8.69B,9.16B,9.68B,10.3B,9.92B,9.98B,10.1B,10.4B,10.7B,11B,11.4B,11.8B,12.3B,12.9B,13.5B
Maldives,,,,,,,,,,,,,,,,,,,,,,,,,,,,,,,,,,,,1.17B,1.26B,1.37B,1.47B,1.56B,1.62B,1.56B,1.67B,1.9B,2.01B,1.75B,2.21B,2.38B,2.6B,2.41B,2.59B,2.81B,2.88B,3.09B,3.32B,3.41B,3.63B,3.88B,4.14B,4.36B
Mexico,148B,155B,162B,175B,196B,210B,223B,236B,258B,267B,284B,295B,319B,345B,364B,385B,402B,416B,453B,497B,543B,590B,586B,566B,585B,598B,580B,590B,597B,622B,654B,682B,706B,719B,755B,707B,755B,807B,849B,872B,915B,912B,911B,924B,961B,983B,1.03TR,1.05TR,1.06TR,1.01TR,1.06TR,1.1TR,1.14TR,1.15TR,1.18TR,1.22TR,1.26TR,1.29TR,1.31TR,1.31TR
Marshall Islands,,,,,,,,,,,,,,,,,,,,,,72.2M,75.7M,87.4M,90.8M,85.1M,106M,116M,125M,123M,126M,126M,135M,143M,152M,164M,147M,138M,137M,135M,137M,146M,152M,149M,151M,154M,155M,159M,149M,151M,162M,161M,157M,163M,161M,164M,166M,173M,179M,
North Macedonia,,,,,,,,,,,,,,,,,,,,,,,,,,,,,,,7.69B,7.22B,6.74B,6.24B,6.13B,6.06B,6.13B,6.22B,6.43B,6.71B,7.02B,6.8B,6.9B,7.06B,7.39B,7.74B,8.13B,8.66B,9.13B,9.1B,9.41B,9.63B,9.58B,9.86B,10.2B,10.6B,10.9B,11B,11.3B,11.7B
Mali,,,,,,,,1.95B,2.02B,2.02B,2.15B,2.2B,2.33B,2.3B,2.26B,2.52B,2.87B,3.05B,3.01B,3.32B,3.17B,3.22B,2.98B,3.04B,3.03B,3.64B,3.74B,3.74B,4.01B,4.18B,4.08B,4.56B,4.41B,4.55B,4.72B,4.76B,5.1B,5.35B,5.75B,6.08B,6.08B,7.01B,7.23B,7.89B,8.01B,8.53B,8.93B,9.24B,9.68B,10.1B,10.7B,11B,10.9B,11.2B,12B,12.7B,13.5B,14.2B,14.8B,15.6B
Malta,,,,,,,,,,,1.13B,1.16B,1.23B,1.28B,1.41B,1.68B,1.97B,2.21B,2.46B,2.72B,2.91B,3B,3.07B,3.05B,3.08B,3.16B,3.28B,3.42B,3.71B,4.01B,4.26B,4.53B,4.74B,4.96B,5.24B,5.57B,5.78B,6.08B,6.39B,6.69B,7.15B,7.19B,7.41B,7.59B,7.63B,7.92B,8.06B,8.38B,8.66B,8.45B,8.75B,8.87B,9.12B,9.56B,10.4B,11.5B,12.2B,13B,13.9B,14.5B
Myanmar,3.33B,3.35B,3.49B,3.95B,3.72B,4.12B,3.92B,3.68B,4.13B,4.26B,4.48B,4.66B,4.78B,4.73B,4.98B,5.19B,5.5B,5.83B,6.21B,6.53B,7.05B,7.5B,7.92B,8.27B,8.68B,8.93B,8.83B,8.48B,7.51B,7.79B,8.01B,7.96B,8.73B,9.26B,9.95B,10.6B,11.3B,12B,12.7B,14.1B,16B,17.8B,19.9B,22.7B,25.8B,29.3B,33.1B,37.1B,40.9B,45.2B,49.5B,52.3B,56.1B,60.9B,65.7B,70.3B,74.4B,79.1B,84.5B,86.9B
Montenegro,,,,,,,,,,,,,,,,,,,,,,,,,,,,,,,,,,,,,,3.06B,3.21B,2.9B,2.99B,3.03B,3.09B,3.16B,3.3B,3.44B,3.73B,3.99B,4.28B,4.03B,4.14B,4.27B,4.16B,4.3B,4.38B,4.53B,4.66B,4.88B,5.13B,5.32B
Mongolia,,,,,,,,,,,,,,,,,,,,,,2.5B,2.71B,2.86B,3.03B,3.21B,3.51B,3.63B,3.81B,3.97B,3.85B,3.51B,3.19B,3.09B,3.15B,3.35B,3.43B,3.56B,3.68B,3.79B,3.84B,3.95B,4.14B,4.43B,4.9B,5.25B,5.7B,6.29B,6.85B,6.76B,7.19B,8.43B,9.47B,10.6B,11.4B,11.7B,11.8B,12.4B,13.3B,14B
Northern Mariana Islands,,,,,,,,,,,,,,,,,,,,,,,,,,,,,,,,,,,,,,,,,,,1.46B,1.46B,1.42B,1.24B,1.15B,1.07B,956M,788M,799M,738M,742M,759M,788M,816M,1.05B,1.31B,1.06B,
Mozambique,,,,,,,,,,,,,,,,,,,,,2.77B,2.9B,2.7B,2.28B,2.13B,2.15B,2.1B,2.41B,2.61B,2.78B,2.81B,2.95B,2.77B,3.06B,3.26B,3.33B,3.7B,4.12B,4.53B,5.06B,5.12B,5.74B,6.28B,6.71B,7.24B,7.72B,8.47B,9.13B,9.79B,10.4B,11.1B,11.9B,12.8B,13.7B,14.7B,15.7B,16.3B,16.9B,17.4B,17.8B
Mauritania,,1.21B,1.22B,1.2B,1.53B,1.77B,1.78B,1.84B,2.03B,2.05B,2.3B,2.34B,2.32B,2.22B,2.49B,2.36B,2.56B,2.51B,2.5B,2.62B,2.71B,2.8B,2.74B,2.84B,2.75B,2.83B,2.99B,3.05B,3.1B,3.25B,3.19B,3.25B,3.31B,3.5B,3.4B,3.73B,3.95B,3.79B,3.89B,4.03B,3.88B,3.85B,3.9B,4.17B,4.37B,4.74B,5.61B,5.5B,5.48B,5.49B,5.63B,5.86B,6.13B,6.38B,6.65B,7.01B,7.1B,7.35B,7.5B,7.95B
Mauritius,,,,,,,,,,,,,,,,,2.18B,2.32B,2.41B,2.5B,2.25B,2.38B,2.51B,2.52B,2.64B,2.82B,3.09B,3.37B,3.6B,3.76B,4.03B,4.21B,4.48B,4.71B,4.9B,5.11B,5.4B,5.71B,6.05B,6.21B,6.72B,6.95B,7.06B,7.48B,7.8B,7.94B,8.33B,8.8B,9.28B,9.58B,10B,10.4B,10.8B,11.1B,11.6B,12B,12.4B,12.9B,13.4B,13.9B
Malawi,873M,939M,946M,933M,957M,1.09B,1.23B,1.32B,1.3B,1.37B,1.38B,1.6B,1.7B,1.74B,1.87B,1.98B,2.08B,2.18B,2.39B,2.5B,2.51B,2.38B,2.44B,2.53B,2.66B,2.78B,2.78B,2.82B,2.91B,2.95B,3.12B,3.39B,3.14B,3.45B,3.1B,3.61B,3.88B,4.02B,4.18B,4.31B,4.38B,4.16B,4.23B,4.47B,4.71B,4.87B,5.1B,5.58B,6.01B,6.51B,6.96B,7.3B,7.44B,7.82B,8.27B,8.5B,8.71B,9.06B,9.35B,9.75B
Malaysia,11B,11.9B,12.6B,13.6B,14.3B,15.4B,16.6B,17.2B,18.6B,19.5B,20.7B,22.8B,24.9B,27.8B,30.1B,30.4B,33.9B,36.5B,39B,42.6B,45.8B,48.9B,51.9B,55.1B,59.4B,58.8B,59.5B,62.6B,68.8B,75B,81.8B,89.6B,97.6B,107B,117B,129B,141B,152B,141B,149B,163B,163B,172B,182B,194B,205B,216B,230B,241B,237B,255B,269B,283B,297B,314B,330B,345B,365B,382B,399B
Namibia,,,,,,,,,,,,,,,,,,,,,4.46B,4.5B,4.48B,4.4B,4.39B,4.41B,4.62B,4.79B,4.83B,4.92B,5.02B,5.43B,5.82B,5.72B,5.82B,6.05B,6.24B,6.51B,6.72B,6.95B,7.19B,7.28B,7.62B,7.95B,8.92B,9.15B,9.8B,10.3B,10.6B,10.6B,11.3B,11.8B,12.4B,13.1B,13.9B,14.5B,14.5B,14.4B,14.5B,14.4B
Niger,2.79B,2.92B,3.22B,3.52B,3.52B,3.77B,3.75B,3.76B,3.77B,3.56B,3.67B,3.88B,3.68B,3.05B,3.32B,3.23B,3.25B,3.5B,3.98B,4.26B,4.16B,4.19B,4.26B,4.06B,3.37B,3.63B,3.86B,3.87B,4.13B,4.17B,4.12B,4.11B,4.2B,4.21B,4.29B,4.38B,4.4B,4.47B,4.91B,4.9B,4.85B,5.2B,5.45B,5.58B,5.6B,6B,6.35B,6.55B,7.06B,7.19B,7.79B,7.98B,8.82B,9.31B,9.92B,10.4B,10.9B,11.5B,12.3B,13B
Nigeria,61.7B,61.8B,64.4B,69.9B,73.4B,77B,73.7B,62.1B,61.3B,76.1B,95.2B,109B,112B,118B,132B,125B,136B,144B,136B,145B,151B,131B,122B,109B,108B,114B,114B,118B,127B,129B,144B,145B,151B,148B,146B,146B,152B,156B,160B,161B,169B,179B,207B,222B,242B,258B,274B,292B,311B,336B,363B,383B,399B,425B,452B,464B,457B,460B,469B,480B
Nicaragua,2.67B,2.87B,3.18B,3.53B,3.94B,4.32B,4.46B,4.77B,4.83B,5.14B,5.2B,5.38B,5.5B,5.85B,6.68B,6.67B,7.02B,7.6B,7.01B,5.15B,5.39B,5.68B,5.63B,5.89B,5.8B,5.56B,5.51B,5.47B,4.79B,4.7B,4.7B,4.69B,4.71B,4.69B,4.85B,5.13B,5.46B,5.68B,5.89B,6.3B,6.56B,6.76B,6.81B,6.98B,7.35B,7.66B,7.98B,8.39B,8.67B,8.39B,8.76B,9.31B,9.92B,10.4B,10.9B,11.4B,11.9B,12.5B,12B,11.5B
Netherlands,188B,189B,202B,209B,226B,246B,253B,266B,283B,301B,320B,334B,345B,364B,377B,377B,393B,403B,414B,423B,428B,425B,420B,428B,441B,453B,465B,474B,491B,512B,534B,547B,556B,563B,580B,598B,619B,646B,676B,710B,740B,757B,758B,760B,775B,790B,818B,849B,867B,835B,847B,860B,851B,850B,862B,879B,898B,924B,948B,965B
Norway,83B,88.2B,90.7B,94.1B,98.8B,104B,108B,115B,117B,123B,125B,132B,139B,145B,151B,159B,168B,175B,182B,190B,198B,201B,202B,210B,223B,235B,244B,249B,248B,251B,255B,263B,273B,281B,295B,307B,322B,339B,348B,355B,367B,374B,380B,383B,398B,409B,419B,431B,433B,426B,429B,433B,445B,449B,458B,467B,472B,483B,489B,495B
Nepal,2.69B,2.74B,2.79B,2.84B,3.06B,3.02B,3.23B,3.18B,3.2B,3.35B,3.43B,3.39B,3.5B,3.48B,3.7B,3.76B,3.92B,4.04B,4.22B,4.32B,4.22B,4.57B,4.74B,4.6B,5.05B,5.36B,5.6B,5.7B,6.14B,6.4B,6.7B,7.12B,7.42B,7.7B,8.33B,8.62B,9.08B,9.54B,9.83B,10.3B,10.9B,11.4B,11.4B,11.9B,12.4B,12.9B,13.3B,13.8B,14.6B,15.3B,16B,16.6B,17.3B,18.1B,19.1B,19.8B,19.9B,21.5B,23B,24.6B
Nauru,,,,,,,,,,,,,,,,,,,,,,,,,,,,,,,,,,,,,,,,,,,,,39.2M,39.2M,41.6M,32.1M,39.2M,42.8M,47.6M,52.3M,58.3M,76.1M,96.3M,99.9M,103M,97.5M,103M,103M
New Zealand,,,,,,,,,,,56.2B,58.3B,61.3B,66.1B,70B,68.8B,69.5B,66.7B,66.9B,68.4B,69.3B,72.5B,73.2B,75.7B,79.4B,80.7B,82.8B,83.6B,83.3B,83.5B,83.6B,82.7B,83.6B,88.9B,93.5B,97.9B,101B,104B,104B,110B,113B,117B,123B,128B,133B,138B,142B,146B,145B,144B,147B,150B,153B,157B,163B,169B,175B,181B,188B,192B
Oman,,,,,,1.43B,1.5B,2.5B,4.55B,5.71B,6.51B,6.56B,7.21B,6.18B,6.89B,8.58B,10.3B,10.4B,10.1B,10.5B,11.1B,13B,14.5B,17B,19.8B,22.6B,23B,22.2B,23.5B,26.3B,26.3B,27.9B,30.2B,32B,33.3B,34.9B,36B,38.2B,39.2B,39.1B,41.3B,43.1B,42.6B,41.5B,42B,43.1B,45.4B,47.4B,51.3B,54.4B,57B,56.4B,61.7B,64.4B,66.2B,69.2B,72.7B,72.9B,74.2B,74.6B
Pakistan,13.6B,14.4B,15.1B,16.4B,17.6B,19.4B,20.6B,21.7B,23.2B,24.5B,27.3B,27.4B,27.6B,29.6B,30.6B,31.9B,33.6B,34.9B,37.7B,39.1B,43.1B,46.6B,49.6B,53B,55.6B,59.9B,63.2B,67.2B,72.4B,75.9B,79.3B,83.3B,89.8B,91.3B,94.8B,99.5B,104B,105B,108B,112B,117B,121B,124B,131B,141B,150B,159B,167B,170B,174B,177B,182B,188B,197B,206B,216B,228B,240B,254B,257B
Panama,2.42B,2.69B,2.91B,3.16B,3.3B,3.6B,3.87B,4.21B,4.5B,4.88B,5.22B,5.72B,5.98B,6.3B,6.46B,6.57B,6.68B,6.75B,7.41B,7.75B,8.76B,9.57B,10.1B,9.63B,9.89B,10.4B,10.7B,10.6B,9.14B,9.28B,10B,11B,11.9B,12.5B,12.9B,13.1B,13.6B,14.5B,15.6B,16.2B,16.6B,16.7B,17.1B,17.8B,19.2B,20.6B,22.3B,25B,27.5B,27.8B,29.4B,32.8B,36B,38.5B,40.4B,42.7B,44.8B,47.4B,49.1B,50.6B
Peru,27B,29B,31.9B,33.3B,35.5B,37.5B,40.5B,42.1B,42.2B,43.6B,45.1B,47.2B,48.8B,51.9B,56.8B,59.2B,60.1B,60.3B,58.7B,61.1B,64.7B,68.3B,68.2B,61.1B,63.3B,64.6B,70.7B,77.5B,70.2B,61.6B,58.5B,59.8B,59.5B,62.6B,70.3B,75.5B,77.6B,82.6B,82.3B,83.5B,85.8B,86.3B,91B,94.8B,99.5B,106B,114B,123B,135B,136B,148B,157B,166B,176B,180B,186B,194B,199B,206B,211B
Philippines,28.9B,30.5B,32B,34.2B,35.4B,37.3B,38.9B,41B,43B,45B,46.7B,49.3B,51.9B,56.6B,58.6B,61.9B,67.3B,71.1B,74.8B,79B,83B,85.9B,89B,90.7B,84B,77.9B,80.5B,84B,89.7B,95.2B,98.1B,97.6B,97.9B,100B,104B,109B,116B,122B,121B,125B,130B,134B,139B,146B,156B,163B,172B,183B,191B,194B,208B,216B,231B,247B,263B,279B,299B,320B,340B,361B
Palau,,,,,,,,,,,,,,,,,,,,,,,,,,,,,,,,,,,,,,,,,177M,189M,195M,190M,199M,207M,204M,207M,195M,183M,183M,192M,196M,193M,202M,222M,224M,216M,220M,
Papua New Guinea,2.28B,2.43B,2.58B,2.68B,2.91B,3.21B,3.4B,3.54B,3.69B,4B,4.43B,4.71B,4.98B,5.3B,5.44B,5.39B,5.21B,5.25B,5.7B,5.81B,5.67B,5.66B,5.68B,5.86B,5.84B,6.07B,6.36B,6.54B,6.73B,6.63B,6.43B,7.04B,8.02B,9.48B,10B,9.71B,10.5B,10.1B,9.67B,9.85B,9.61B,9.6B,9.58B,9.79B,10.1B,10.7B,11.3B,12.2B,12.1B,12.9B,14.3B,14.4B,15.1B,15.7B,17.8B,19.5B,20.3B,21B,20.8B,22B
Poland,,,,,,,,,,,,,,,,,,,,,,,,,,,,,,,227B,211B,216B,224B,236B,252B,268B,285B,298B,312B,326B,330B,337B,349B,367B,380B,403B,432B,450B,463B,479B,503B,511B,519B,536B,556B,573B,602B,634B,660B
Puerto Rico,13.8B,14.7B,15.9B,17.3B,18.5B,20.3B,21.8B,23.1B,24.3B,26.6B,28.8B,30.7B,32.9B,35B,36B,35.7B,38B,40.2B,43B,46.4B,48.4B,49B,48.2B,47.1B,49.9B,51.4B,54B,57.1B,60.4B,63.1B,61.3B,62.7B,65.5B,68.6B,71.5B,74.7B,76.4B,80.2B,84.6B,89.2B,92.1B,97.9B,98.8B,98.8B,107B,105B,104B,103B,101B,98.8B,98.4B,98B,98.1B,97.8B,96.6B,95.6B,94.4B,91.6B,87.4B,88.4B
Portugal,39.9B,42.1B,44.9B,47.5B,50.5B,54.3B,56.5B,60.7B,66.1B,67.5B,76B,81.1B,87.6B,97.4B,98.5B,94.2B,101B,106B,109B,116B,121B,123B,125B,125B,123B,126B,132B,140B,150B,160B,166B,174B,176B,172B,174B,181B,187B,196B,205B,213B,221B,226B,227B,225B,229B,231B,235B,241B,241B,234B,238B,234B,224B,222B,224B,228B,233B,241B,247B,253B
Paraguay,2.6B,2.78B,2.87B,3B,3.13B,3.32B,3.39B,3.7B,3.87B,4.05B,4.27B,4.51B,4.81B,5.16B,5.59B,5.98B,6.43B,7.17B,8.03B,8.98B,10B,11B,10.8B,10.5B,10.8B,11.3B,11.8B,12.7B,13.5B,14.4B,15B,15.5B,15.8B,16.5B,17.4B,18.6B,18.9B,19.7B,19.7B,19.5B,19B,18.8B,18.8B,19.7B,20.5B,20.9B,21.9B,23.1B,24.6B,24.5B,27.2B,28.4B,28.2B,30.6B,32.1B,33.1B,34.5B,36.2B,37.4B,37.4B
Palestine,,,,,,,,,,,,,,,,,,,,,,,,,,,,,,,,,,,4.49B,4.8B,4.86B,5.58B,6.38B,6.9B,6.31B,5.72B,5.01B,5.71B,6.3B,6.98B,6.71B,7.15B,7.59B,8.25B,8.91B,10B,10.6B,10.9B,10.9B,11.2B,11.8B,12.1B,12.2B,
Qatar,,,,,,,,,,,,,,,,,,,,,,,,,,,,,,,,,,,,,,,,,36B,37.4B,40.1B,41.6B,49.6B,53.4B,67.3B,79.4B,93.5B,105B,125B,142B,149B,155B,161B,167B,171B,173B,176B,176B
Romania,,,,,,,,,,,,,,,,,,,,,,,,,,,,,,,125B,109B,99.2B,101B,105B,111B,115B,110B,108B,107B,110B,116B,122B,125B,138B,145B,156B,167B,183B,173B,166B,170B,173B,179B,185B,192B,202B,216B,226B,235B
Russia,,,,,,,,,,,,,,,,,,,,,,,,,,,,,,1.46TR,1.42TR,1.34TR,1.15TR,1.05TR,918B,880B,847B,859B,813B,865B,952B,1TR,1.05TR,1.12TR,1.2TR,1.28TR,1.39TR,1.5TR,1.58TR,1.46TR,1.52TR,1.59TR,1.65TR,1.68TR,1.7TR,1.66TR,1.67TR,1.7TR,1.74TR,1.76TR
Rwanda,1.04B,991M,1.1B,995M,871M,932M,998M,1.07B,1.14B,1.27B,1.34B,1.36B,1.36B,1.41B,1.43B,1.4B,1.67B,1.71B,1.86B,2.08B,2.27B,2.39B,2.44B,2.58B,2.47B,2.58B,2.72B,2.72B,2.84B,2.84B,2.77B,2.7B,2.86B,2.63B,1.31B,1.77B,2B,2.27B,2.47B,2.58B,2.8B,3.03B,3.43B,3.51B,3.77B,4.12B,4.51B,4.85B,5.39B,5.73B,6.15B,6.64B,7.21B,7.55B,8.02B,8.73B,9.25B,9.62B,10.4B,11.4B
Saudi Arabia,,,,,,,,,76.8B,81.4B,129B,156B,191B,238B,276B,252B,296B,317B,301B,337B,356B,363B,287B,241B,230B,208B,243B,227B,256B,255B,294B,338B,352B,347B,349B,349B,359B,363B,373B,359B,379B,375B,364B,405B,437B,462B,474B,483B,513B,503B,528B,581B,612B,629B,652B,679B,690B,685B,702B,704B
Sudan,9.1B,9.11B,9.73B,9.46B,9.35B,9.99B,9.63B,9.77B,9.96B,10.1B,10.7B,10.9B,10.4B,10.4B,11.6B,13.5B,15.7B,16.7B,15.7B,14.9B,15.1B,16.3B,17.2B,17.6B,16.7B,15.7B,16.5B,18.9B,18.8B,20.5B,19.4B,20.8B,22.2B,23.2B,23.4B,24.8B,26.3B,29.1B,30.3B,31.3B,33.3B,35.4B,37.7B,40.6B,42.2B,45.3B,49.9B,55.7B,60B,61.9B,61.7B,64.1B,63.2B,65.9B,67.7B,71B,74.4B,77.5B,75.7B,73.8B
Senegal,4.37B,4.5B,4.49B,4.57B,4.75B,4.82B,4.95B,4.89B,5.2B,4.86B,5.28B,5.27B,5.61B,5.29B,5.52B,5.93B,6.46B,6.29B,6.04B,6.46B,6.25B,6.56B,7.08B,6.7B,6.95B,7.18B,7.4B,7.86B,7.81B,8.12B,8.07B,8.27B,8.37B,8.48B,8.48B,8.94B,9.12B,9.4B,9.96B,10.6B,10.9B,11.4B,11.5B,12.3B,13B,13.7B,14.1B,14.8B,15.4B,15.7B,16.2B,16.5B,17.3B,17.8B,19B,20.2B,21.5B,23.1B,24.5B,25.8B
Singapore,5.77B,6.24B,6.71B,7.38B,7.15B,7.71B,8.5B,9.56B,10.9B,12.4B,14.1B,15.8B,17.9B,19.8B,21B,21.9B,23.5B,25.1B,27.1B,29.7B,32.7B,36.2B,38.8B,42.1B,45.8B,45.5B,46.1B,51.1B,56.9B,62.6B,68.8B,73.4B,78.3B,87.2B,96.9B,104B,112B,121B,118B,125B,136B,135B,140B,147B,161B,173B,188B,205B,209B,209B,240B,255B,266B,279B,290B,299B,309B,322B,333B,336B
Solomon Islands,,,,,,,,,,,,,,,,,,,,,,,,,,,,,,,405M,429M,484M,503M,549M,594M,604M,595M,606M,603M,517M,476M,462M,492M,517M,545M,582M,625M,669M,638M,681M,771M,806M,830M,849M,871M,899M,932M,968M,994M
Sierra Leone,864M,879M,919M,935M,998M,1.07B,1.09B,1.09B,1.11B,1.2B,1.31B,1.35B,1.37B,1.4B,1.45B,1.47B,1.46B,1.46B,1.5B,1.57B,1.64B,1.69B,1.77B,1.73B,1.8B,1.71B,1.73B,1.85B,1.72B,1.74B,1.79B,1.84B,1.49B,1.51B,1.48B,1.36B,1.38B,1.3B,1.33B,1.3B,1.39B,1.3B,1.64B,1.79B,1.91B,2B,2.08B,2.25B,2.37B,2.45B,2.58B,2.74B,3.16B,3.81B,3.98B,3.16B,3.36B,3.5B,3.62B,3.82B
El Salvador,,,,,,7.55B,8.09B,8.53B,8.8B,9.11B,9.38B,9.74B,10.3B,10.8B,11.4B,11.8B,12.3B,13.2B,13.9B,13.3B,11.7B,10.5B,9.85B,10B,10.1B,10.2B,10.2B,10.5B,10.7B,10.8B,11.3B,11.5B,12.3B,13B,13.6B,14.2B,14.3B,14.8B,15.2B,15.5B,15.7B,15.8B,16.1B,16.3B,16.5B,16.9B,17.7B,18B,18.5B,18.1B,18.4B,19.2B,19.7B,20.1B,20.5B,21B,21.5B,22B,22.5B,23.1B
San Marino,,,,,,,,,,,,,,,,,,,,,,,,,,,,,,,,,,,,,,1.42B,1.53B,1.67B,1.7B,1.8B,1.8B,1.87B,1.96B,2.01B,2.08B,2.23B,2.22B,1.99B,1.88B,1.72B,1.6B,1.59B,1.58B,1.62B,1.66B,1.67B,1.69B,
Serbia,,,,,,,,,,,,,,,,,,,,,,,,,,,,,,,,,,,,23.4B,24.8B,26.6B,27.5B,24.9B,26.4B,28.3B,30.1B,31.4B,34.2B,36.1B,38B,40.4B,42.7B,41.5B,41.8B,42.7B,42.4B,43.6B,42.9B,43.7B,45.1B,46.1B,48.1B,50.1B
South Sudan,,,,,,,,,,,,,,,,,,,,,,,,,,,,,,,,,,,,,,,,,,,,,,,,,13.2B,13.8B,14.6B,13.9B,7.51B,8.49B,8.78B,7.83B,,,,
Sao Tome and Principe,,,,,,,,,,,,,,,,,,,,,,,,,,,,,,,,,,,,,,,,,,122M,125M,133M,138M,148M,162M,167M,181M,185M,197M,206M,213M,223M,237M,246M,257M,267M,274M,280M
Suriname,960M,1.01B,1.05B,1.1B,1.18B,1.32B,1.57B,1.76B,1.89B,1.98B,2.03B,2.11B,2.1B,2.06B,2.07B,2.13B,2.31B,2.55B,2.72B,2.7B,2.46B,2.64B,2.53B,2.43B,2.38B,2.43B,2.45B,2.3B,2.48B,2.58B,2.47B,2.53B,2.54B,2.37B,2.45B,2.45B,2.48B,2.62B,2.68B,2.64B,2.7B,2.81B,2.89B,3.07B,3.33B,3.48B,3.68B,3.87B,4.03B,4.15B,4.37B,4.62B,4.75B,4.89B,4.9B,4.73B,4.47B,4.55B,4.67B,4.63B
Slovak Republic,,,,,,,,,,,,,,,,,,,,,,,,,,,,,,,,,40.9B,41.7B,44.2B,46.8B,49.9B,52.9B,55B,55B,55.6B,57.4B,60B,63.3B,66.7B,71.1B,77.1B,85.5B,90.2B,85.3B,90.2B,92.8B,94.5B,95.2B,97.8B,102B,105B,108B,112B,115B
Slovenia,,,,,,,,,,,,,,,,,,,,,,,,,,,,,,,31B,28.3B,26.7B,27.5B,28.9B,30.1B,31.1B,32.7B,33.7B,35.5B,36.8B,38B,39.4B,40.5B,42.3B,43.9B,46.4B,49.7B,51.4B,47.5B,48.2B,48.6B,47.3B,46.8B,48.1B,49.2B,50.7B,53.2B,55.3B,56.7B
Sweden,135B,143B,149B,157B,167B,174B,178B,183B,190B,200B,214B,216B,221B,230B,238B,244B,246B,242B,246B,256B,260B,261B,265B,270B,281B,287B,295B,305B,313B,321B,323B,320B,316B,309B,322B,334B,340B,350B,365B,381B,399B,405B,413B,423B,441B,454B,475B,491B,489B,468B,496B,512B,509B,515B,528B,552B,564B,578B,589B,596B
Eswatini,,,,,,,,,,,529M,601M,634M,691M,731M,832M,815M,823M,834M,860M,967M,1.11B,1.12B,1.13B,1.2B,1.25B,1.4B,1.61B,1.71B,1.94B,2.34B,2.38B,2.46B,2.54B,2.6B,2.72B,2.83B,2.92B,2.99B,3.08B,3.13B,3.17B,3.31B,3.43B,3.56B,3.77B,4B,4.18B,4.21B,4.28B,4.44B,4.54B,4.78B,4.97B,5.01B,5.13B,5.19B,5.3B,5.42B,5.53B
Seychelles,118M,112M,122M,134M,142M,140M,160M,161M,173M,173M,188M,218M,232M,253M,256M,264M,307M,288M,349M,404M,387M,355M,351M,345M,361M,401M,400M,418M,441M,490M,524M,539M,577M,613M,608M,603M,633M,709M,768M,782M,794M,776M,786M,739M,718M,783M,857M,946M,926M,915M,970M,1.05B,1.06B,1.12B,1.17B,1.23B,1.29B,1.34B,1.4B,1.46B
Turks and Caicos Islands,,,,,,,,,,,,,,,,,,,,,,,,,,,,,,,,,,,,,,,,,,,,,,,,,,,687M,,,,,,,,,
Chad,2.09B,2.12B,2.23B,2.2B,2.14B,2.16B,2.12B,2.13B,2.12B,2.27B,2.31B,2.26B,2.29B,2.1B,2.2B,2.4B,2.47B,2.52B,2.51B,1.97B,1.85B,1.87B,1.97B,2.28B,2.33B,2.84B,2.72B,2.66B,3.07B,3.22B,3.08B,3.35B,3.61B,3.05B,3.36B,3.4B,3.47B,3.67B,3.92B,3.9B,3.86B,4.31B,4.68B,5.37B,7.17B,8.42B,8.47B,8.75B,9.01B,9.4B,10.7B,10.7B,11.6B,12.3B,13.1B,13.5B,12.7B,12.3B,12.6B,13B
Togo,592M,664M,689M,724M,827M,955M,1.04B,1.1B,1.16B,1.28B,1.32B,1.32B,1.42B,1.47B,1.54B,1.58B,1.55B,1.65B,1.84B,1.74B,2B,1.93B,1.86B,1.76B,1.86B,1.96B,1.99B,2B,2.13B,2.22B,2.22B,2.2B,2.11B,1.79B,2.06B,2.22B,2.42B,2.77B,2.71B,2.77B,2.75B,2.77B,2.88B,3.07B,3.04B,2.9B,2.98B,2.94B,3.06B,3.23B,3.43B,3.65B,3.89B,4.13B,4.37B,4.62B,4.88B,5.09B,5.34B,5.62B
Thailand,15.6B,16.5B,17.7B,19.1B,20.4B,22.1B,24.6B,26.7B,28.9B,30.8B,34.3B,35.9B,37.5B,41.3B,43.2B,45.3B,49.5B,54.4B,60B,63.2B,66.5B,70.4B,74.2B,78.4B,82.9B,86.7B,91.5B,100B,114B,127B,142B,154B,166B,180B,194B,210B,222B,216B,199B,208B,218B,225B,239B,256B,272B,284B,298B,314B,319B,317B,341B,344B,369B,379B,383B,395B,408B,425B,442B,453B
Tajikistan,,,,,,,,,,,,,,,,,,,,,,,,,,6.26B,6.48B,6.41B,7.3B,6.82B,6.78B,6.3B,4.47B,3.74B,2.94B,2.58B,2.15B,2.18B,2.3B,2.38B,2.58B,2.83B,3.14B,3.48B,3.84B,4.1B,4.38B,4.72B,5.1B,5.3B,5.64B,6.06B,6.51B,7B,7.46B,7.91B,8.46B,9.1B,9.77B,10.5B
Turkmenistan,,,,,,,,,,,,,,,,,,,,,,,,,,,,9.51B,10.6B,10.1B,13.7B,13B,11.1B,11.3B,9.31B,8.64B,9.22B,8.17B,8.75B,10.2B,10.8B,11.2B,11.2B,11.6B,12.2B,13.8B,15.3B,17B,19.5B,20.7B,22.6B,25.9B,28.8B,31.7B,35B,37.3B,39.6B,42.1B,44.7B,
Timor-Leste,,,,,,,,,,,,,,,,,,,,,,,,,,,,,,,,,,,,,,,,,567M,659M,615M,602M,604M,622M,597M,658M,732M,806M,882M,933M,989M,1.01B,1.06B,1.09B,1.13B,1.08B,1.07B,1.11B
Tonga,,,,,,,,,,,,,,,,,,,,,,206M,216M,220M,224M,239M,244M,251M,246M,247M,242M,258M,258M,268M,281M,292M,292M,291M,299M,311M,321M,333M,344M,352M,350M,356M,353M,338M,349M,357M,369M,380M,383M,371M,379M,393M,406M,417M,418M,
Trinidad and Tobago,3.4B,3.87B,3.98B,4.2B,4.52B,4.56B,4.74B,4.84B,5.09B,5.23B,5.41B,5.47B,5.79B,5.88B,6.11B,6.2B,6.59B,7.19B,7.92B,8.2B,9.05B,9.47B,9.83B,8.81B,8.31B,7.97B,7.7B,7.35B,7.06B,7.01B,7.11B,7.33B,8.07B,8.02B,8.3B,8.62B,9.24B,9.93B,10.7B,11.6B,12.4B,12.9B,13.9B,16B,17.2B,18.3B,20.7B,21.7B,22.4B,21.4B,22.2B,22.1B,22.4B,22.9B,22.7B,23.1B,21.6B,21.1B,21.1B,21.1B
Tunisia,,,,,,5.06B,5.23B,5.24B,5.79B,6.06B,6.35B,7.02B,8.26B,8.21B,8.87B,9.51B,10.3B,10.6B,11.3B,12B,12.9B,13.6B,13.6B,14.2B,15B,15.9B,15.6B,16.7B,16.7B,17B,18.3B,19.1B,20.5B,21B,21.7B,22.2B,23.8B,25B,26.2B,27.8B,29.1B,30.2B,30.6B,32.1B,34.1B,35.3B,37.1B,39.6B,41.3B,42.6B,44.1B,43.2B,44.9B,46.2B,47.6B,48.2B,48.7B,49.7B,51B,51.5B
Turkey,87.2B,88.2B,93.2B,102B,107B,110B,123B,128B,137B,143B,147B,155B,167B,172B,182B,195B,216B,223B,226B,225B,219B,230B,238B,250B,267B,278B,298B,326B,333B,334B,365B,368B,386B,416B,397B,428B,459B,494B,506B,489B,521B,490B,521B,551B,604B,658B,705B,740B,747B,712B,772B,858B,899B,975B,1.03TR,1.09TR,1.12TR,1.21TR,1.24TR,1.25TR
Tuvalu,,,,,,,,,,,,,,,,,,,,,,,,,,,,,,,21.4M,22.2M,22.8M,23.8M,26.2M,24.9M,23.4M,25.8M,29.8M,29.3M,29M,29.5M,31.8M,30.7M,30.3M,29.2M,29.8M,31.7M,34.2M,32.7M,31.8M,34.2M,32.9M,34.4M,34.9M,38.1M,39.2M,40.8M,41.8M,45.9M
Tanzania,,,,,,,,,,,,,,,,,,,,,,,,,,,,,11.4B,11.8B,12.6B,12.9B,13B,13.1B,13.3B,13.8B,14.4B,14.9B,15.5B,16.3B,17B,18B,19.3B,20.6B,22.1B,23.8B,25.3B,27.1B,28.6B,30.1B,32B,34.5B,36B,38.5B,41.1B,43.6B,46.6B,49.7B,52.4B,55.5B
Uganda,,,,,,,,,,,,,,,,,,,,,,,5.3B,5.6B,5.58B,5.4B,5.42B,5.63B,6.1B,6.49B,6.91B,7.29B,7.54B,8.17B,8.69B,9.69B,10.6B,11.1B,11.7B,12.6B,13B,13.7B,14.9B,15.8B,16.9B,18B,19.9B,21.6B,23.5B,25B,26.5B,28.9B,30.1B,31.1B,32.7B,34.4B,36.1B,37.5B,39.8B,42.4B
Ukraine,,,,,,,,,,,,,,,,,,,,,,,,,,,,206B,212B,220B,206B,188B,170B,146B,112B,98.8B,88.9B,86.2B,84.6B,84.4B,89.4B,97.6B,103B,113B,126B,130B,140B,150B,154B,131B,136B,143B,144B,144B,134B,121B,124B,127B,131B,136B
Uruguay,13.9B,14.2B,14B,14B,14.4B,14.5B,15B,14.4B,14.7B,15.6B,15.9B,15.9B,15.7B,15.7B,16.2B,17.2B,17.8B,18.1B,19.1B,20.3B,21.4B,21.8B,19.7B,17.6B,17.4B,17.7B,19.2B,20.8B,21.1B,21.3B,21.4B,22.1B,23.9B,24.5B,26.3B,25.9B,27.4B,29.7B,31.1B,30.5B,29.9B,28.7B,26.5B,26.7B,28.1B,30.2B,31.4B,33.4B,35.8B,37.4B,40.3B,42.4B,43.9B,45.9B,47.4B,47.6B,48.4B,49.6B,50.4B,50.5B
United States,3.17TR,3.25TR,3.44TR,3.6TR,3.8TR,4.05TR,4.31TR,4.42TR,4.63TR,4.77TR,4.76TR,4.92TR,5.17TR,5.47TR,5.44TR,5.43TR,5.72TR,5.98TR,6.31TR,6.51TR,6.5TR,6.66TR,6.54TR,6.84TR,7.34TR,7.64TR,7.91TR,8.18TR,8.52TR,8.83TR,9TR,8.99TR,9.31TR,9.56TR,9.95TR,10.2TR,10.6TR,11.1TR,11.6TR,12.1TR,12.6TR,12.7TR,13TR,13.3TR,13.8TR,14.3TR,14.7TR,15TR,15TR,14.6TR,15TR,15.2TR,15.6TR,15.9TR,16.2TR,16.7TR,17TR,17.3TR,17.9TR,18.3TR
Uzbekistan,,,,,,,,,,,,,,,,,,,,,,,,,,,,21.5B,23.5B,24.2B,24.6B,24.5B,21.8B,21.3B,20.2B,20B,20.3B,21.4B,22.3B,23.2B,24.1B,25.1B,26.1B,27.2B,29.3B,31.3B,33.6B,36.8B,40.2B,43.4B,46.7B,50.3B,54B,58.1B,62.3B,66.9B,71B,74.2B,78.2B,82.6B
St. Vincent and the Grenadines,142M,148M,154M,144M,149M,151M,151M,136M,145M,149M,165M,170M,214M,191M,174M,161M,177M,201M,220M,228M,233M,244M,255M,261M,278M,295M,311M,313M,357M,362M,377M,381M,405M,423M,417M,450M,455M,471M,491M,504M,512M,521M,554M,597M,621M,637M,686M,709M,720M,705M,681M,678M,688M,700M,709M,718M,732M,739M,755M,758M
Venezuela,101B,105B,114B,118B,131B,137B,139B,143B,153B,154B,166B,169B,171B,183B,187B,192B,207B,220B,225B,227B,217B,216B,211B,203B,206B,207B,220B,228B,241B,221B,235B,258B,273B,274B,268B,278B,278B,296B,296B,279B,289B,299B,272B,251B,297B,328B,360B,392B,412B,399B,393B,410B,433B,438B,421B,,,,,
Virgin Islands (U.S.),,,,,,,,,,,,,,,,,,,,,,,,,,,,,,,,,,,,,,,,,,,3.98B,3.97B,4.08B,4.23B,4.39B,4.56B,4.61B,4.3B,4.34B,3.99B,3.39B,3.19B,3.16B,3.17B,3.2B,3.14B,,
Vietnam,,,,,,,,,,,,,,,,,,,,,,,,,22.5B,23.3B,24B,24.8B,26.1B,28B,29.5B,31.2B,33.9B,36.7B,39.9B,43.7B,47.8B,51.7B,54.7B,57.3B,61.1B,64.9B,69B,73.8B,79.4B,85.4B,91.3B,97.8B,103B,109B,116B,123B,130B,137B,145B,155B,164B,175B,188B,201B
Vanuatu,,,,,,,,,,,,,,,,,,,,270M,239M,249M,276M,314M,344M,348M,347M,337M,332M,337M,376M,388M,398M,401M,437M,442M,452M,474M,495M,496M,526M,507M,481M,502M,522M,550M,596M,627M,667M,690M,701M,709M,722M,736M,753M,754M,780M,815M,838M,862M
Samoa,,,,,,,,,,,,,,,,,,,,,,,358M,360M,364M,378M,399M,401M,395M,410M,392M,383M,382M,398M,388M,414M,443M,446M,456M,466M,498M,533M,556M,581M,608M,633M,646M,686M,693M,660M,663M,691M,663M,660M,660M,689M,744M,752M,735M,761M
Yemen,,,,,,,,,,,,,,,,,,,,,,,,,,,,,,,11.7B,12.5B,13.5B,14B,15B,15.8B,16.6B,17.4B,18.5B,19.2B,20.3B,21.1B,22B,22.8B,23.7B,25B,25.8B,26.7B,27.6B,28.7B,30.9B,27B,27.6B,29B,28.9B,20.8B,18.9B,17.9B,18B,
South Africa,79.1B,82.1B,87.2B,93.6B,101B,107B,112B,120B,125B,131B,138B,144B,146B,153B,162B,165B,169B,168B,173B,180B,192B,202B,201B,198B,208B,205B,205B,210B,218B,224B,223B,221B,216B,219B,226B,233B,243B,249B,250B,256B,267B,274B,284B,293B,306B,322B,340B,359B,370B,364B,375B,388B,396B,406B,414B,419B,420B,426B,430B,430B
Zambia,4.59B,4.66B,4.54B,4.69B,5.26B,6.14B,5.79B,6.25B,6.33B,6.3B,6.61B,6.6B,7.21B,7.14B,7.6B,7.43B,7.89B,7.53B,7.57B,7.34B,7.56B,8.03B,7.8B,7.65B,7.62B,7.75B,7.8B,8.01B,8.52B,8.43B,8.39B,8.39B,8.24B,8.8B,8.04B,8.27B,8.79B,9.12B,9.09B,9.51B,9.88B,10.4B,10.9B,11.6B,12.4B,13.4B,14.4B,15.6B,16.8B,18.4B,20.3B,21.4B,23B,24.2B,25.3B,26.1B,27B,28B,29.1B,29.6B
Zimbabwe,3.76B,3.99B,4.05B,4.3B,4.26B,4.47B,4.53B,4.91B,5.01B,5.63B,6.9B,7.52B,8.15B,8.36B,8.91B,8.74B,8.78B,8.18B,7.96B,8.22B,9.4B,10.6B,10.9B,11B,10.8B,11.6B,11.8B,12B,12.9B,13.5B,14.5B,15.3B,13.9B,14B,15.3B,15.4B,17B,17.4B,17.9B,17.8B,17.2B,17.5B,15.9B,13.2B,12.4B,11.7B,11.3B,10.9B,8.98B,10.1B,12B,13.8B,16B,16.4B,16.8B,17B,17.2B,18B,18.9B,17.3B
